Workbook

Sheet 개요
A1: Column1 | B1: Column2 | G1: 열1
A2: 유형 | B2: R&D | G2: {=SUBSTITUTE(MID(CELL("filename",A1),FIND("[",CELL("filename",A1))+1,FIND("]",CELL("filename",A1))-FIND("[",CELL("filename",A1))-1), ".xlsx", "")} -> RS-2026-25540444
A3: 부처 | B3: 범부처(과학기술정보통신부, 산업통상부, 보건복지부, 식품의약품안전처)
A4: 전문기관 | B4: 재단법인 범부처의료기기연구개발사업단
A5: 사업명 | B5: 2026년도 범부처 첨단 의료기기 연구개발사업
A6: 과제명 | B6: 치료 반응 모니터링 및 예측을 위한 다질환 확장형 AI 뇌영상 분석 플랫폼 개발
A7: 과제번호 | B7: RS-2026-25540444
A8: 주관/공동(책임자) | B8: 주관(김은영)
A9: 총 수행기간 | B9: 2026-04-01 - 2029-12-31
A10: 당해기간 | B10: 2026-04-01 - 2026-12-31 (1단계 1연차)
A11: 당해기간(개월) | B11: 9
A12: 시스템 | B12: IRIS
A13: 사사문구
A14: 공고일 | B14: 46059
A15: 비 고 | B15: 1단계 1,2 / 2단계 1,2
A17: Column1 | B17: Column2 | C17: Column3 | D17: Column4 | E17: Column5 | F17: Column6 | G17: Column7 | H17: Column8 | I17: Column9 | J17: Column10 | K17: Column11 | L17: Column12 | M17: Column13 | N17: Column14 | O17: Column15
A18: 단계-연차 | B18: 시작일 | C18: 종료일 | D18: 개월 수 | E18: 계속비 (현금) | F18: 정부지원금 (현금) | G18: 지방비 (현금) | H18: 민간부담금 (현금) | I18: 민간부담금 (현물) | J18: 총 민간부담금 | K18: 총 현금 | L18: 총 현물 | M18: 총 사업비 | N18: 타기관 | O18: 기술료
A19: 1단계 1연차 | B19: 46113 | C19: 46387 | D19: 9 | E19: 0 | F19: 150000000 | H19: 5000000 | I19: 45000000 | J19: 50000000 | K19: 155000000 | L19: 45000000 | M19: 200000000
A20: 1단계 2연차 | B20: 46388 | C20: 46752 | D20: 12 | E20: 0 | F20: 250000000 | H20: 8334000 | I20: 75000000 | J20: 83334000 | K20: 258334000 | L20: 75000000 | M20: 333334000
A21: 2단계 1연차 | B21: 46753 | C21: 47118 | D21: 12 | E21: 0 | F21: 275000000 | H21: 9167000 | I21: 82500000 | J21: 91667000 | K21: 284167000 | L21: 82500000 | M21: 366667000
A22: 2단계 2연차 | B22: 47119 | C22: 47483 | D22: 12 | E22: 0 | F22: 295000000 | H22: 9834000 | I22: 88500000 | J22: 98334000 | K22: 304834000 | L22: 88500000 | M22: 393334000
E23: 0 | K23: 0 | L23: 0 | M23: 0
A24: 총합 | D24: 45 | E24: 0 | F24: 970000000 | G24: 0 | H24: 32335000 | I24: 291000000 | J24: 323335000 | K24: 1002335000 | L24: 291000000 | M24: 1293335000 | N24: 0 | O24: 0

Sheet 마일스톤
D1: 계획 | E1: 계획 | F1: 실행 | G1: 실행
A2: 일련번호 | B2: 개발내용 | C2: 연차 | D2: 시작일 | E2: 종료일 | F2: 시작일 | G2: 종료일
A3: 1 | B3: 학습 데이터 확보 및 큐레이션 | C3: 1단계 1연차 | D3: 46113 | E3: 46295 | F3: 46113
A4: 2 | B4: 병변 특화/다질환 확장 모델을 위한 데이터셋 구축(병변 레이블 포함) | C4: 1단계 1연차 | D4: 46113 | E4: 46295
A5: 3 | B5: 파운데이션 모델(NeuroCore) 아키텍쳐 설계 | C5: 1단계 1연차 | D5: 46113 | E5: 46203
A6: 4 | B6: NeuroCore 업스트림 학습 및 테스트 | C6: 1단계 1연차 | D6: 46204 | E6: 46387
A7: 5 | B7: FLAIR 기반 다질환 확장(병변 특화) 다운스트림 학습: edema, ARIA-E, WMH, MS/NMOSD/MOGAD 병변 | C7: 1단계 1연차 | D7: 46235 | E7: 46387
A8: 6 | B8: SWI/GRE 기반 다질환 확장(병변 특화) 다운스트림 학습: SS 및 기타 출혈 병변 | C8: 1단계 1연차 | D8: 46235 | E8: 46387
A9: 7 | B9: 기개발 모델(AQUA AD)의 기술문서 확보 | C9: 1단계 1연차 | D9: 46113 | E9: 46265 | F9: 46113
A10: 8 | B10: 기개발 모델(AQUA AD)의 확증임상시험 착수 | C10: 1단계 1연차 | D10: 46266 | E10: 46387
A11: 9 | B11: 기개발 모델(AQUA AD)의 국내 확증임상시험 실시 | C11: 1단계 2연차 | D11: 46388 | E11: 46752
A12: 10 | B12: 기개발 모델(AQUA MS)의 해외 임상시험(MRMC) 실시 | C12: 1단계 2연차 | D12: 46569 | E12: 46752
A13: 11 | B13: FLAIR 기반 다질환 확장(병변 특화) 모델 개발 및 성능 평가 | C13: 1단계 2연차 | D13: 46388 | E13: 46568
A14: 12 | B14: SWI/GRE 기반 다질환 확장(병변 특화) 모델 개발 및 성능 평가: SS 기타 출혈 병변 | C14: 1단계 2연차 | D14: 46569 | E14: 46568
A15: 13 | B15: 다기관 데이터셋 기반 Groud Truth 병변 레이블 제작 | C15: 1단계 2연차 | D15: 46569 | E15: 46568
A16: 14 | B16: 시계열(Longitudinal) 분석 모듈 고도화 | C16: 1단계 2연차 | D16: 46478 | E16: 46568
A17: 15 | B17: Level 1 제품(NeuroCore 기반 모델, CAA/TBI 패턴 분류, 시계열 분석 기능) 탑재 | C17: 1단계 2연차 | D17: 46661 | E17: 46752
A18: 16 | B18: 예측 모델 구축 및 상용화 검토 | C18: 1단계 2연차 | D18: 46569 | E18: 46752
A19: 17 | B19: 기개발 모델(AQUA AD)의 국내 인허가 완료 | C19: 2단계 1연차 | D19: 46753 | E19: 46934
A20: 18 | B20: 기개발 모델(AQUA MS)의 해외 임상시험(MRMC) 수행 | C20: 2단계 1연차 | D20: 46753 | E20: 47118
A21: 19 | B21: NeuroCore 기반 모델의 Level 1 제품 탑재 | C21: 2단계 1연차 | D21: 46753 | E21: 46843
... A27: 25 | B27: Level 2 제품(Level 1 모듈 포함, PVS 분할, ASL 분석, 예측 모델) 탑재 | C27: 2단계 2연차 | D27: 47209 | E27: 47483
A28: =IF(B28<>"",SUBTOTAL(3,$B$3:B28),"")
A29: =IF(B29<>"",SUBTOTAL(3,$B$3:B29),"")
A30: =IF(B30<>"",SUBTOTAL(3,$B$3:B30),"")
A31: =IF(B31<>"",SUBTOTAL(3,$B$3:B31),"")
A32: =IF(B32<>"",SUBTOTAL(3,$B$3:B32),"")
A33: =IF(B33<>"",SUBTOTAL(3,$B$3:B33),"")
A34: =IF(B34<>"",SUBTOTAL(3,$B$3:B34),"")
A35: =IF(B35<>"",SUBTOTAL(3,$B$3:B35),"")
A36: =IF(B36<>"",SUBTOTAL(3,$B$3:B36),"")
A37: =IF(B37<>"",SUBTOTAL(3,$B$3:B37),"")
A38: =IF(B38<>"",SUBTOTAL(3,$B$3:B38),"")
A39: =IF(B39<>"",SUBTOTAL(3,$B$3:B39),"")
... A50: =IF(B50<>"",SUBTOTAL(3,$B$3:B50),"")

Sheet 정량지표
A1: 정량지표 명(주요성능 spec 등) | B1: 확인지표 | C1: 지표단위 | D1: 가중치 | E1: 목표 | G1: 달성 | I1: 연차별 연구개발 달성률
E2: 1단계 2연차 | F2: 2단계 2연차 | G2: 1단계 2연차 | H2: 2단계 2연차 | I2: 1단계 2연차 | J2: 2단계 2연차
A3: SCI€학술지 등록건수 | B3: 논문 | C3: 건 | D3: 25 | E3: 1 | F3: 1 | G3: {=IFERROR(IF(ISNUMBER(INDEX(정량지표상세!$C$2:$C$24, MATCH(1, (정량지표상세!$A$2:$A$24=$A3) * (정량지표상세!$B$2:$B$24=G$2), 0))), SUMIFS(정량지표상세!$C$2:$C$24, 정량지표상세!$A$2:$A$24, $A3, 정량지표상세!$B$2:$B$24, G$2), INDEX(정량지표상세!$C$2:$C$24, MATCH(1, (정량지표상세!$A$2:$A$24=$A3) * (정량지표상세!$B$2:$B$24=G$2), 0))),"")} | H3: {=IFERROR(IF(ISNUMBER(INDEX(정량지표상세!$C$2:$C$24, MATCH(1, (정량지표상세!$A$2:$A$24=$A3) * (정량지표상세!$B$2:$B$24=H$2), 0))), SUMIFS(정량지표상세!$C$2:$C$24, 정량지표상세!$A$2:$A$24, $A3, 정량지표상세!$B$2:$B$24, H$2), INDEX(정량지표상세!$C$2:$C$24, MATCH(1, (정량지표상세!$A$2:$A$24=$A3) * (정량지표상세!$B$2:$B$24=H$2), 0))),"")} | I3: =IF(E3="","", IF(ISNUMBER(E3), IF(N(G3)/E3>=1,"달성","미달성"), IF(E3=G3,"달성","미달성") ) ) -> 미달성 | J3: =IF(F3="","", IF(ISNUMBER(F3), IF(N(H3)/F3>=1,"달성","미달성"), IF(F3=H3,"달성","미달성") ) ) -> 미달성
A4: 특허 출원건수-국내출원 | B4: 출원증 | C4: 건 | D4: 15 | E4: 1 | F4: 2 | G4: {=IFERROR(IF(ISNUMBER(INDEX(정량지표상세!$C$2:$C$24, MATCH(1, (정량지표상세!$A$2:$A$24=$A4) * (정량지표상세!$B$2:$B$24=G$2), 0))), SUMIFS(정량지표상세!$C$2:$C$24, 정량지표상세!$A$2:$A$24, $A4, 정량지표상세!$B$2:$B$24, G$2), INDEX(정량지표상세!$C$2:$C$24, MATCH(1, (정량지표상세!$A$2:$A$24=$A4) * (정량지표상세!$B$2:$B$24=G$2), 0))),"")} | H4: {=IFERROR(IF(ISNUMBER(INDEX(정량지표상세!$C$2:$C$24, MATCH(1, (정량지표상세!$A$2:$A$24=$A4) * (정량지표상세!$B$2:$B$24=H$2), 0))), SUMIFS(정량지표상세!$C$2:$C$24, 정량지표상세!$A$2:$A$24, $A4, 정량지표상세!$B$2:$B$24, H$2), INDEX(정량지표상세!$C$2:$C$24, MATCH(1, (정량지표상세!$A$2:$A$24=$A4) * (정량지표상세!$B$2:$B$24=H$2), 0))),"")} | I4: =IF(E4="","", IF(ISNUMBER(E4), IF(N(G4)/E4>=1,"달성","미달성"), IF(E4=G4,"달성","미달성") ) ) -> 미달성 | J4: =IF(F4="","", IF(ISNUMBER(F4), IF(N(H4)/F4>=1,"달성","미달성"), IF(F4=H4,"달성","미달성") ) ) -> 미달성
A5: 특허 출원건수-국내등록 | B5: 등록증 | C5: 건 | D5: 10 | E5: 1 | F5: 2 | G5: {=IFERROR(IF(ISNUMBER(INDEX(정량지표상세!$C$2:$C$24, MATCH(1, (정량지표상세!$A$2:$A$24=$A5) * (정량지표상세!$B$2:$B$24=G$2), 0))), SUMIFS(정량지표상세!$C$2:$C$24, 정량지표상세!$A$2:$A$24, $A5, 정량지표상세!$B$2:$B$24, G$2), INDEX(정량지표상세!$C$2:$C$24, MATCH(1, (정량지표상세!$A$2:$A$24=$A5) * (정량지표상세!$B$2:$B$24=G$2), 0))),"")} | H5: {=IFERROR(IF(ISNUMBER(INDEX(정량지표상세!$C$2:$C$24, MATCH(1, (정량지표상세!$A$2:$A$24=$A5) * (정량지표상세!$B$2:$B$24=H$2), 0))), SUMIFS(정량지표상세!$C$2:$C$24, 정량지표상세!$A$2:$A$24, $A5, 정량지표상세!$B$2:$B$24, H$2), INDEX(정량지표상세!$C$2:$C$24, MATCH(1, (정량지표상세!$A$2:$A$24=$A5) * (정량지표상세!$B$2:$B$24=H$2), 0))),"")} | I5: =IF(E5="","", IF(ISNUMBER(E5), IF(N(G5)/E5>=1,"달성","미달성"), IF(E5=G5,"달성","미달성") ) ) -> 미달성 | J5: =IF(F5="","", IF(ISNUMBER(F5), IF(N(H5)/F5>=1,"달성","미달성"), IF(F5=H5,"달성","미달성") ) ) -> 미달성
A6: 시험제품제작-시험제품(TRL6 단계) 건수 | B6: 시제품 | C6: 건 | D6: 20 | E6: 1 | G6: {=IFERROR(IF(ISNUMBER(INDEX(정량지표상세!$C$2:$C$24, MATCH(1, (정량지표상세!$A$2:$A$24=$A6) * (정량지표상세!$B$2:$B$24=G$2), 0))), SUMIFS(정량지표상세!$C$2:$C$24, 정량지표상세!$A$2:$A$24, $A6, 정량지표상세!$B$2:$B$24, G$2), INDEX(정량지표상세!$C$2:$C$24, MATCH(1, (정량지표상세!$A$2:$A$24=$A6) * (정량지표상세!$B$2:$B$24=G$2), 0))),"")} | H6: {=IFERROR(IF(ISNUMBER(INDEX(정량지표상세!$C$2:$C$24, MATCH(1, (정량지표상세!$A$2:$A$24=$A6) * (정량지표상세!$B$2:$B$24=H$2), 0))), SUMIFS(정량지표상세!$C$2:$C$24, 정량지표상세!$A$2:$A$24, $A6, 정량지표상세!$B$2:$B$24, H$2), INDEX(정량지표상세!$C$2:$C$24, MATCH(1, (정량지표상세!$A$2:$A$24=$A6) * (정량지표상세!$B$2:$B$24=H$2), 0))),"")} | I6: =IF(E6="","", IF(ISNUMBER(E6), IF(N(G6)/E6>=1,"달성","미달성"), IF(E6=G6,"달성","미달성") ) ) -> 미달성 | J6: =IF(F6="","", IF(ISNUMBER(F6), IF(N(H6)/F6>=1,"달성","미달성"), IF(F6=H6,"달성","미달성") ) )
A7: 임상시험 등록건수 | B7: 결과보고서 | C7: 건 | D7: 15 | F7: 1 | G7: {=IFERROR(IF(ISNUMBER(INDEX(정량지표상세!$C$2:$C$24, MATCH(1, (정량지표상세!$A$2:$A$24=$A7) * (정량지표상세!$B$2:$B$24=G$2), 0))), SUMIFS(정량지표상세!$C$2:$C$24, 정량지표상세!$A$2:$A$24, $A7, 정량지표상세!$B$2:$B$24, G$2), INDEX(정량지표상세!$C$2:$C$24, MATCH(1, (정량지표상세!$A$2:$A$24=$A7) * (정량지표상세!$B$2:$B$24=G$2), 0))),"")} | H7: {=IFERROR(IF(ISNUMBER(INDEX(정량지표상세!$C$2:$C$24, MATCH(1, (정량지표상세!$A$2:$A$24=$A7) * (정량지표상세!$B$2:$B$24=H$2), 0))), SUMIFS(정량지표상세!$C$2:$C$24, 정량지표상세!$A$2:$A$24, $A7, 정량지표상세!$B$2:$B$24, H$2), INDEX(정량지표상세!$C$2:$C$24, MATCH(1, (정량지표상세!$A$2:$A$24=$A7) * (정량지표상세!$B$2:$B$24=H$2), 0))),"")} | I7: =IF(E7="","", IF(ISNUMBER(E7), IF(N(G7)/E7>=1,"달성","미달성"), IF(E7=G7,"달성","미달성") ) ) | J7: =IF(F7="","", IF(ISNUMBER(F7), IF(N(H7)/F7>=1,"달성","미달성"), IF(F7=H7,"달성","미달성") ) ) -> 미달성
A8: 품목신고/인증/허가(의료기기)등록 건수 | B8: 등록증 | C8: 건 | D8: 15 | F8: 1 | G8: {=IFERROR(IF(ISNUMBER(INDEX(정량지표상세!$C$2:$C$24, MATCH(1, (정량지표상세!$A$2:$A$24=$A8) * (정량지표상세!$B$2:$B$24=G$2), 0))), SUMIFS(정량지표상세!$C$2:$C$24, 정량지표상세!$A$2:$A$24, $A8, 정량지표상세!$B$2:$B$24, G$2), INDEX(정량지표상세!$C$2:$C$24, MATCH(1, (정량지표상세!$A$2:$A$24=$A8) * (정량지표상세!$B$2:$B$24=G$2), 0))),"")} | H8: {=IFERROR(IF(ISNUMBER(INDEX(정량지표상세!$C$2:$C$24, MATCH(1, (정량지표상세!$A$2:$A$24=$A8) * (정량지표상세!$B$2:$B$24=H$2), 0))), SUMIFS(정량지표상세!$C$2:$C$24, 정량지표상세!$A$2:$A$24, $A8, 정량지표상세!$B$2:$B$24, H$2), INDEX(정량지표상세!$C$2:$C$24, MATCH(1, (정량지표상세!$A$2:$A$24=$A8) * (정량지표상세!$B$2:$B$24=H$2), 0))),"")} | I8: =IF(E8="","", IF(ISNUMBER(E8), IF(N(G8)/E8>=1,"달성","미달성"), IF(E8=G8,"달성","미달성") ) ) | J8: =IF(F8="","", IF(ISNUMBER(F8), IF(N(H8)/F8>=1,"달성","미달성"), IF(F8=H8,"달성","미달성") ) ) -> 미달성
G9: {=IFERROR(IF(ISNUMBER(INDEX(정량지표상세!$C$2:$C$24, MATCH(1, (정량지표상세!$A$2:$A$24=$A9) * (정량지표상세!$B$2:$B$24=G$2), 0))), SUMIFS(정량지표상세!$C$2:$C$24, 정량지표상세!$A$2:$A$24, $A9, 정량지표상세!$B$2:$B$24, G$2), INDEX(정량지표상세!$C$2:$C$24, MATCH(1, (정량지표상세!$A$2:$A$24=$A9) * (정량지표상세!$B$2:$B$24=G$2), 0))),"")} | H9: {=IFERROR(IF(ISNUMBER(INDEX(정량지표상세!$C$2:$C$24, MATCH(1, (정량지표상세!$A$2:$A$24=$A9) * (정량지표상세!$B$2:$B$24=H$2), 0))), SUMIFS(정량지표상세!$C$2:$C$24, 정량지표상세!$A$2:$A$24, $A9, 정량지표상세!$B$2:$B$24, H$2), INDEX(정량지표상세!$C$2:$C$24, MATCH(1, (정량지표상세!$A$2:$A$24=$A9) * (정량지표상세!$B$2:$B$24=H$2), 0))),"")} | I9: =IF(E9="","", IF(ISNUMBER(E9), IF(N(G9)/E9>=1,"달성","미달성"), IF(E9=G9,"달성","미달성") ) ) | J9: =IF(F9="","", IF(ISNUMBER(F9), IF(N(H9)/F9>=1,"달성","미달성"), IF(F9=H9,"달성","미달성") ) )
G10: {=IFERROR(IF(ISNUMBER(INDEX(정량지표상세!$C$2:$C$24, MATCH(1, (정량지표상세!$A$2:$A$24=$A10) * (정량지표상세!$B$2:$B$24=G$2), 0))), SUMIFS(정량지표상세!$C$2:$C$24, 정량지표상세!$A$2:$A$24, $A10, 정량지표상세!$B$2:$B$24, G$2), INDEX(정량지표상세!$C$2:$C$24, MATCH(1, (정량지표상세!$A$2:$A$24=$A10) * (정량지표상세!$B$2:$B$24=G$2), 0))),"")} | H10: {=IFERROR(IF(ISNUMBER(INDEX(정량지표상세!$C$2:$C$24, MATCH(1, (정량지표상세!$A$2:$A$24=$A10) * (정량지표상세!$B$2:$B$24=H$2), 0))), SUMIFS(정량지표상세!$C$2:$C$24, 정량지표상세!$A$2:$A$24, $A10, 정량지표상세!$B$2:$B$24, H$2), INDEX(정량지표상세!$C$2:$C$24, MATCH(1, (정량지표상세!$A$2:$A$24=$A10) * (정량지표상세!$B$2:$B$24=H$2), 0))),"")} | I10: =IF(E10="","", IF(ISNUMBER(E10), IF(N(G10)/E10>=1,"달성","미달성"), IF(E10=G10,"달성","미달성") ) ) | J10: =IF(F10="","", IF(ISNUMBER(F10), IF(N(H10)/F10>=1,"달성","미달성"), IF(F10=H10,"달성","미달성") ) )
G11: {=IFERROR(IF(ISNUMBER(INDEX(정량지표상세!$C$2:$C$24, MATCH(1, (정량지표상세!$A$2:$A$24=$A11) * (정량지표상세!$B$2:$B$24=G$2), 0))), SUMIFS(정량지표상세!$C$2:$C$24, 정량지표상세!$A$2:$A$24, $A11, 정량지표상세!$B$2:$B$24, G$2), INDEX(정량지표상세!$C$2:$C$24, MATCH(1, (정량지표상세!$A$2:$A$24=$A11) * (정량지표상세!$B$2:$B$24=G$2), 0))),"")} | H11: {=IFERROR(IF(ISNUMBER(INDEX(정량지표상세!$C$2:$C$24, MATCH(1, (정량지표상세!$A$2:$A$24=$A11) * (정량지표상세!$B$2:$B$24=H$2), 0))), SUMIFS(정량지표상세!$C$2:$C$24, 정량지표상세!$A$2:$A$24, $A11, 정량지표상세!$B$2:$B$24, H$2), INDEX(정량지표상세!$C$2:$C$24, MATCH(1, (정량지표상세!$A$2:$A$24=$A11) * (정량지표상세!$B$2:$B$24=H$2), 0))),"")} | I11: =IF(E11="","", IF(ISNUMBER(E11), IF(N(G11)/E11>=1,"달성","미달성"), IF(E11=G11,"달성","미달성") ) ) | J11: =IF(F11="","", IF(ISNUMBER(F11), IF(N(H11)/F11>=1,"달성","미달성"), IF(F11=H11,"달성","미달성") ) )
G12: {=IFERROR(IF(ISNUMBER(INDEX(정량지표상세!$C$2:$C$24, MATCH(1, (정량지표상세!$A$2:$A$24=$A12) * (정량지표상세!$B$2:$B$24=G$2), 0))), SUMIFS(정량지표상세!$C$2:$C$24, 정량지표상세!$A$2:$A$24, $A12, 정량지표상세!$B$2:$B$24, G$2), INDEX(정량지표상세!$C$2:$C$24, MATCH(1, (정량지표상세!$A$2:$A$24=$A12) * (정량지표상세!$B$2:$B$24=G$2), 0))),"")} | H12: {=IFERROR(IF(ISNUMBER(INDEX(정량지표상세!$C$2:$C$24, MATCH(1, (정량지표상세!$A$2:$A$24=$A12) * (정량지표상세!$B$2:$B$24=H$2), 0))), SUMIFS(정량지표상세!$C$2:$C$24, 정량지표상세!$A$2:$A$24, $A12, 정량지표상세!$B$2:$B$24, H$2), INDEX(정량지표상세!$C$2:$C$24, MATCH(1, (정량지표상세!$A$2:$A$24=$A12) * (정량지표상세!$B$2:$B$24=H$2), 0))),"")} | I12: =IF(E12="","", IF(ISNUMBER(E12), IF(N(G12)/E12>=1,"달성","미달성"), IF(E12=G12,"달성","미달성") ) ) | J12: =IF(F12="","", IF(ISNUMBER(F12), IF(N(H12)/F12>=1,"달성","미달성"), IF(F12=H12,"달성","미달성") ) )
G13: {=IFERROR(IF(ISNUMBER(INDEX(정량지표상세!$C$2:$C$24, MATCH(1, (정량지표상세!$A$2:$A$24=$A13) * (정량지표상세!$B$2:$B$24=G$2), 0))), SUMIFS(정량지표상세!$C$2:$C$24, 정량지표상세!$A$2:$A$24, $A13, 정량지표상세!$B$2:$B$24, G$2), INDEX(정량지표상세!$C$2:$C$24, MATCH(1, (정량지표상세!$A$2:$A$24=$A13) * (정량지표상세!$B$2:$B$24=G$2), 0))),"")} | H13: {=IFERROR(IF(ISNUMBER(INDEX(정량지표상세!$C$2:$C$24, MATCH(1, (정량지표상세!$A$2:$A$24=$A13) * (정량지표상세!$B$2:$B$24=H$2), 0))), SUMIFS(정량지표상세!$C$2:$C$24, 정량지표상세!$A$2:$A$24, $A13, 정량지표상세!$B$2:$B$24, H$2), INDEX(정량지표상세!$C$2:$C$24, MATCH(1, (정량지표상세!$A$2:$A$24=$A13) * (정량지표상세!$B$2:$B$24=H$2), 0))),"")} | I13: =IF(E13="","", IF(ISNUMBER(E13), IF(N(G13)/E13>=1,"달성","미달성"), IF(E13=G13,"달성","미달성") ) ) | J13: =IF(F13="","", IF(ISNUMBER(F13), IF(N(H13)/F13>=1,"달성","미달성"), IF(F13=H13,"달성","미달성") ) )
G14: {=IFERROR(IF(ISNUMBER(INDEX(정량지표상세!$C$2:$C$24, MATCH(1, (정량지표상세!$A$2:$A$24=$A14) * (정량지표상세!$B$2:$B$24=G$2), 0))), SUMIFS(정량지표상세!$C$2:$C$24, 정량지표상세!$A$2:$A$24, $A14, 정량지표상세!$B$2:$B$24, G$2), INDEX(정량지표상세!$C$2:$C$24, MATCH(1, (정량지표상세!$A$2:$A$24=$A14) * (정량지표상세!$B$2:$B$24=G$2), 0))),"")} | H14: {=IFERROR(IF(ISNUMBER(INDEX(정량지표상세!$C$2:$C$24, MATCH(1, (정량지표상세!$A$2:$A$24=$A14) * (정량지표상세!$B$2:$B$24=H$2), 0))), SUMIFS(정량지표상세!$C$2:$C$24, 정량지표상세!$A$2:$A$24, $A14, 정량지표상세!$B$2:$B$24, H$2), INDEX(정량지표상세!$C$2:$C$24, MATCH(1, (정량지표상세!$A$2:$A$24=$A14) * (정량지표상세!$B$2:$B$24=H$2), 0))),"")} | I14: =IF(E14="","", IF(ISNUMBER(E14), IF(N(G14)/E14>=1,"달성","미달성"), IF(E14=G14,"달성","미달성") ) ) | J14: =IF(F14="","", IF(ISNUMBER(F14), IF(N(H14)/F14>=1,"달성","미달성"), IF(F14=H14,"달성","미달성") ) )
G15: {=IFERROR(IF(ISNUMBER(INDEX(정량지표상세!$C$2:$C$24, MATCH(1, (정량지표상세!$A$2:$A$24=$A15) * (정량지표상세!$B$2:$B$24=G$2), 0))), SUMIFS(정량지표상세!$C$2:$C$24, 정량지표상세!$A$2:$A$24, $A15, 정량지표상세!$B$2:$B$24, G$2), INDEX(정량지표상세!$C$2:$C$24, MATCH(1, (정량지표상세!$A$2:$A$24=$A15) * (정량지표상세!$B$2:$B$24=G$2), 0))),"")} | H15: {=IFERROR(IF(ISNUMBER(INDEX(정량지표상세!$C$2:$C$24, MATCH(1, (정량지표상세!$A$2:$A$24=$A15) * (정량지표상세!$B$2:$B$24=H$2), 0))), SUMIFS(정량지표상세!$C$2:$C$24, 정량지표상세!$A$2:$A$24, $A15, 정량지표상세!$B$2:$B$24, H$2), INDEX(정량지표상세!$C$2:$C$24, MATCH(1, (정량지표상세!$A$2:$A$24=$A15) * (정량지표상세!$B$2:$B$24=H$2), 0))),"")} | I15: =IF(E15="","", IF(ISNUMBER(E15), IF(N(G15)/E15>=1,"달성","미달성"), IF(E15=G15,"달성","미달성") ) ) | J15: =IF(F15="","", IF(ISNUMBER(F15), IF(N(H15)/F15>=1,"달성","미달성"), IF(F15=H15,"달성","미달성") ) )
G16: {=IFERROR(IF(ISNUMBER(INDEX(정량지표상세!$C$2:$C$24, MATCH(1, (정량지표상세!$A$2:$A$24=$A16) * (정량지표상세!$B$2:$B$24=G$2), 0))), SUMIFS(정량지표상세!$C$2:$C$24, 정량지표상세!$A$2:$A$24, $A16, 정량지표상세!$B$2:$B$24, G$2), INDEX(정량지표상세!$C$2:$C$24, MATCH(1, (정량지표상세!$A$2:$A$24=$A16) * (정량지표상세!$B$2:$B$24=G$2), 0))),"")} | H16: {=IFERROR(IF(ISNUMBER(INDEX(정량지표상세!$C$2:$C$24, MATCH(1, (정량지표상세!$A$2:$A$24=$A16) * (정량지표상세!$B$2:$B$24=H$2), 0))), SUMIFS(정량지표상세!$C$2:$C$24, 정량지표상세!$A$2:$A$24, $A16, 정량지표상세!$B$2:$B$24, H$2), INDEX(정량지표상세!$C$2:$C$24, MATCH(1, (정량지표상세!$A$2:$A$24=$A16) * (정량지표상세!$B$2:$B$24=H$2), 0))),"")} | I16: =IF(E16="","", IF(ISNUMBER(E16), IF(N(G16)/E16>=1,"달성","미달성"), IF(E16=G16,"달성","미달성") ) ) | J16: =IF(F16="","", IF(ISNUMBER(F16), IF(N(H16)/F16>=1,"달성","미달성"), IF(F16=H16,"달성","미달성") ) )
G17: {=IFERROR(IF(ISNUMBER(INDEX(정량지표상세!$C$2:$C$24, MATCH(1, (정량지표상세!$A$2:$A$24=$A17) * (정량지표상세!$B$2:$B$24=G$2), 0))), SUMIFS(정량지표상세!$C$2:$C$24, 정량지표상세!$A$2:$A$24, $A17, 정량지표상세!$B$2:$B$24, G$2), INDEX(정량지표상세!$C$2:$C$24, MATCH(1, (정량지표상세!$A$2:$A$24=$A17) * (정량지표상세!$B$2:$B$24=G$2), 0))),"")} | H17: {=IFERROR(IF(ISNUMBER(INDEX(정량지표상세!$C$2:$C$24, MATCH(1, (정량지표상세!$A$2:$A$24=$A17) * (정량지표상세!$B$2:$B$24=H$2), 0))), SUMIFS(정량지표상세!$C$2:$C$24, 정량지표상세!$A$2:$A$24, $A17, 정량지표상세!$B$2:$B$24, H$2), INDEX(정량지표상세!$C$2:$C$24, MATCH(1, (정량지표상세!$A$2:$A$24=$A17) * (정량지표상세!$B$2:$B$24=H$2), 0))),"")} | I17: =IF(E17="","", IF(ISNUMBER(E17), IF(N(G17)/E17>=1,"달성","미달성"), IF(E17=G17,"달성","미달성") ) ) | J17: =IF(F17="","", IF(ISNUMBER(F17), IF(N(H17)/F17>=1,"달성","미달성"), IF(F17=H17,"달성","미달성") ) )
G18: {=IFERROR(IF(ISNUMBER(INDEX(정량지표상세!$C$2:$C$24, MATCH(1, (정량지표상세!$A$2:$A$24=$A18) * (정량지표상세!$B$2:$B$24=G$2), 0))), SUMIFS(정량지표상세!$C$2:$C$24, 정량지표상세!$A$2:$A$24, $A18, 정량지표상세!$B$2:$B$24, G$2), INDEX(정량지표상세!$C$2:$C$24, MATCH(1, (정량지표상세!$A$2:$A$24=$A18) * (정량지표상세!$B$2:$B$24=G$2), 0))),"")} | H18: {=IFERROR(IF(ISNUMBER(INDEX(정량지표상세!$C$2:$C$24, MATCH(1, (정량지표상세!$A$2:$A$24=$A18) * (정량지표상세!$B$2:$B$24=H$2), 0))), SUMIFS(정량지표상세!$C$2:$C$24, 정량지표상세!$A$2:$A$24, $A18, 정량지표상세!$B$2:$B$24, H$2), INDEX(정량지표상세!$C$2:$C$24, MATCH(1, (정량지표상세!$A$2:$A$24=$A18) * (정량지표상세!$B$2:$B$24=H$2), 0))),"")} | I18: =IF(E18="","", IF(ISNUMBER(E18), IF(N(G18)/E18>=1,"달성","미달성"), IF(E18=G18,"달성","미달성") ) ) | J18: =IF(F18="","", IF(ISNUMBER(F18), IF(N(H18)/F18>=1,"달성","미달성"), IF(F18=H18,"달성","미달성") ) )
G19: {=IFERROR(IF(ISNUMBER(INDEX(정량지표상세!$C$2:$C$24, MATCH(1, (정량지표상세!$A$2:$A$24=$A19) * (정량지표상세!$B$2:$B$24=G$2), 0))), SUMIFS(정량지표상세!$C$2:$C$24, 정량지표상세!$A$2:$A$24, $A19, 정량지표상세!$B$2:$B$24, G$2), INDEX(정량지표상세!$C$2:$C$24, MATCH(1, (정량지표상세!$A$2:$A$24=$A19) * (정량지표상세!$B$2:$B$24=G$2), 0))),"")} | H19: {=IFERROR(IF(ISNUMBER(INDEX(정량지표상세!$C$2:$C$24, MATCH(1, (정량지표상세!$A$2:$A$24=$A19) * (정량지표상세!$B$2:$B$24=H$2), 0))), SUMIFS(정량지표상세!$C$2:$C$24, 정량지표상세!$A$2:$A$24, $A19, 정량지표상세!$B$2:$B$24, H$2), INDEX(정량지표상세!$C$2:$C$24, MATCH(1, (정량지표상세!$A$2:$A$24=$A19) * (정량지표상세!$B$2:$B$24=H$2), 0))),"")} | I19: =IF(E19="","", IF(ISNUMBER(E19), IF(N(G19)/E19>=1,"달성","미달성"), IF(E19=G19,"달성","미달성") ) ) | J19: =IF(F19="","", IF(ISNUMBER(F19), IF(N(H19)/F19>=1,"달성","미달성"), IF(F19=H19,"달성","미달성") ) )
G20: {=IFERROR(IF(ISNUMBER(INDEX(정량지표상세!$C$2:$C$24, MATCH(1, (정량지표상세!$A$2:$A$24=$A20) * (정량지표상세!$B$2:$B$24=G$2), 0))), SUMIFS(정량지표상세!$C$2:$C$24, 정량지표상세!$A$2:$A$24, $A20, 정량지표상세!$B$2:$B$24, G$2), INDEX(정량지표상세!$C$2:$C$24, MATCH(1, (정량지표상세!$A$2:$A$24=$A20) * (정량지표상세!$B$2:$B$24=G$2), 0))),"")} | H20: {=IFERROR(IF(ISNUMBER(INDEX(정량지표상세!$C$2:$C$24, MATCH(1, (정량지표상세!$A$2:$A$24=$A20) * (정량지표상세!$B$2:$B$24=H$2), 0))), SUMIFS(정량지표상세!$C$2:$C$24, 정량지표상세!$A$2:$A$24, $A20, 정량지표상세!$B$2:$B$24, H$2), INDEX(정량지표상세!$C$2:$C$24, MATCH(1, (정량지표상세!$A$2:$A$24=$A20) * (정량지표상세!$B$2:$B$24=H$2), 0))),"")} | I20: =IF(E20="","", IF(ISNUMBER(E20), IF(N(G20)/E20>=1,"달성","미달성"), IF(E20=G20,"달성","미달성") ) ) | J20: =IF(F20="","", IF(ISNUMBER(F20), IF(N(H20)/F20>=1,"달성","미달성"), IF(F20=H20,"달성","미달성") ) )
... G30: {=IFERROR(IF(ISNUMBER(INDEX(정량지표상세!$C$2:$C$24, MATCH(1, (정량지표상세!$A$2:$A$24=$A30) * (정량지표상세!$B$2:$B$24=G$2), 0))), SUMIFS(정량지표상세!$C$2:$C$24, 정량지표상세!$A$2:$A$24, $A30, 정량지표상세!$B$2:$B$24, G$2), INDEX(정량지표상세!$C$2:$C$24, MATCH(1, (정량지표상세!$A$2:$A$24=$A30) * (정량지표상세!$B$2:$B$24=G$2), 0))),"")} | H30: {=IFERROR(IF(ISNUMBER(INDEX(정량지표상세!$C$2:$C$24, MATCH(1, (정량지표상세!$A$2:$A$24=$A30) * (정량지표상세!$B$2:$B$24=H$2), 0))), SUMIFS(정량지표상세!$C$2:$C$24, 정량지표상세!$A$2:$A$24, $A30, 정량지표상세!$B$2:$B$24, H$2), INDEX(정량지표상세!$C$2:$C$24, MATCH(1, (정량지표상세!$A$2:$A$24=$A30) * (정량지표상세!$B$2:$B$24=H$2), 0))),"")} | I30: =IF(E30="","", IF(ISNUMBER(E30), IF(N(G30)/E30>=1,"달성","미달성"), IF(E30=G30,"달성","미달성") ) ) | J30: =IF(F30="","", IF(ISNUMBER(F30), IF(N(H30)/F30>=1,"달성","미달성"), IF(F30=H30,"달성","미달성") ) )
A31: 합계 | D31: =SUM(D3:D30) -> 100 | J31: =IF(E31="","", IF(ISNUMBER(E31), IF(N(G31)/E31>=1,"달성","미달성"), IF(E31=G31,"달성","미달성") ) )

Sheet 정량지표상세
A1: 정량지표 명 | B1: 단계-연차 | C1: 달성 | D1: 기관명
