Workbook

Sheet 개요
A1: Column1 | B1: Column2 | G1: 열1
A2: 유형 | B2: R&D | G2: {=SUBSTITUTE(MID(CELL("filename",A1),FIND("[",CELL("filename",A1))+1,FIND("]",CELL("filename",A1))-FIND("[",CELL("filename",A1))-1), ".xlsx", "")} -> RS-2024-00507182
A3: 부처 | B3: 중소벤처기업부
A4: 전문기관 | B4: 한국산업기술진흥원
A5: 사업명 | B5: (강원)글로벌혁신특구혁신사업육성(R&D)
A6: 과제명 | B6: 해외 진출을 위한 ARIA 분석 기술의 개발 및 실증
A7: 과제번호 | B7: RS-2024-00507182
A8: 주관/공동(책임자) | B8: 주관(김동현)
A9: 총 수행기간 | B9: 2024-07-01 - 2026-06-30
A10: 당해기간 | B10: 2026-01-01 - 2026-06-30 (0단계 3연차)
A11: 당해기간(개월) | B11: 6
A12: 시스템 | B12: IRIS, RCMS
A13: 사사문구 | B13: 국문 - 본 연구는 중소벤처기업부와 한국산업기술진흥원이 지원하는 글로벌혁신특구혁신사업육성(R&D)(RS-2024-00507182)으로 수행된 연구결과입니다. 영문 - This research was supported by the Ministry of SMEs and Startups(MSS), Korea Institute for Advancement of Technology(KIAT) through the Innovation Development(R&D)(RS-2024-00507182) for Global Regulation-Free Special Zone
A14: 공고일 | B14: 45511
A15: 비 고 | B15: 정부지원금(국비+지방비)
A17: Column1 | B17: Column2 | C17: Column3 | D17: Column4 | E17: Column5 | F17: Column6 | G17: Column7 | H17: Column8 | I17: Column9 | J17: Column10 | K17: Column11 | L17: Column12 | M17: Column13 | N17: Column14 | O17: Column15
A18: 단계-연차 | B18: 시작일 | C18: 종료일 | D18: 개월 수 | E18: 계속비 (현금) | F18: 정부지원금 (현금) | G18: 지방비 (현금) | H18: 민간부담금 (현금) | I18: 민간부담금 (현물) | J18: 총 민간부담금 | K18: 총 현금 | L18: 총 현물 | M18: 총 사업비 | N18: 타기관 | O18: 기술료
A19: 0단계 1연차 | B19: 45474 | C19: 45657 | D19: 6 | E19: 0 | F19: 50000000 | G19: 23000000 | H19: 9734000 | I19: 14599000 | J19: 24333000 | K19: 82734000 | L19: 14599000 | M19: 97333000
A20: 0단계 2연차 | B20: 45658 | C20: 46022 | D20: 12 | E20: 24238000 | F20: 100000000 | G20: 54000000 | H20: 20534000 | I20: 30800000 | J20: 51334000 | K20: 174534000 | L20: 30800000 | M20: 205334000
A21: 0단계 3연차 | B21: 46023 | C21: 46203 | D21: 6 | E21: 48516666 | F21: 50000000 | G21: 23000000 | H21: 9734000 | I21: 14599000 | J21: 24333000 | K21: 82734000 | L21: 14599000 | M21: 97333000
E22: 0 | J22: 0 | K22: 0 | L22: 0 | M22: 0
E23: 0 | J23: 0 | K23: 0 | L23: 0 | M23: 0
A24: 총합 | D24: 24 | E24: 0 | F24: 200000000 | G24: 100000000 | H24: 40002000 | I24: 59998000 | J24: 100000000 | K24: 340002000 | L24: 59998000 | M24: 400000000 | N24: 0 | O24: 0

Sheet 마일스톤
D1: 계획 | F1: 실행
A2: 일련번호 | B2: 개발내용 | C2: 연차 | D2: 시작일 | E2: 종료일 | F2: 시작일 | G2: 종료일
A3: 1 | B3: 해외 협력 기관 섭외 및 계약서 작성 | C3: 0단계 1연차 | D3: 45474 | E3: 45596 | F3: 45474 | G3: 45596
A4: 2 | B4: 검증 연구를 진행하기 위한 IRB 작성 | C4: 0단계 1연차 | D4: 45505 | E4: 45626 | F4: 45505 | G4: 45626
A5: 3 | B5: AI 모델 학습을 위한 국내외 개발 자료 수집 및 정제 | C5: 0단계 1연차 | D5: 45505 | E5: 45657 | F5: 45505 | G5: 45657
A6: 4 | B6: 정확한 Ground truth 설정 | C6: 0단계 1연차 | D6: 45505 | E6: 45657 | F6: 45505 | G6: 45657
A7: 5 | B7: 국내인증 신청 | C7: 0단계 1연차 | D7: 45597 | E7: 45657 | F7: 45597 | G7: 45657
A8: 6 | B8: 해외인증 (일본) 신청 | C8: 0단계 1연차 | D8: 45627 | E8: 45657 | F8: 45627 | G8: 45657
A9: 7 | B9: 뇌부종 영역 분할 기술 고도화 | C9: 0단계 2연차 | D9: 45658 | E9: 46022 | F9: 45658 | G9: 46022
A10: 8 | B10: 표재철 침착증 영역 분할 기술 고도화 | C10: 0단계 2연차 | D10: 45658 | E10: 46022 | F10: 45658 | G10: 46022
A11: 9 | B11: 국내 인증 완료 | C11: 0단계 2연차 | D11: 45658 | E11: 45747 | F11: 45658 | G11: 45747
A12: 10 | B12: 일본 인증 완료 | C12: 0단계 2연차 | D12: 45658 | E12: 45838 | F12: 45658 | G12: 45838
A13: 11 | B13: FDA 인증 절차 개시 | C13: 0단계 2연차 | D13: 45658 | E13: 46022 | F13: 45658 | G13: 46022
A14: 12 | B14: 소프트웨어 최적화 및 상용화 | C14: 0단계 3연차 | D14: 46023 | E14: 46112 | F14: 46023 | G14: 46112
... A16: 14 | B16: FDA 인증 절차 완료 | C16: 0단계 3연차 | D16: 46023 | E16: 46173 | F16: 46023 | G16: 46173
A17: 15 | B17: 유럽 인증 절차 개시 | C17: 0단계 3연차 | D17: 46113 | E17: 46203
A20: =IF(B20<>"",SUBTOTAL(3,$B$3:B20),"")
A21: =IF(B21<>"",SUBTOTAL(3,$B$3:B21),"")
A22: =IF(B22<>"",SUBTOTAL(3,$B$3:B22),"")
A23: =IF(B23<>"",SUBTOTAL(3,$B$3:B23),"")
A24: =IF(B24<>"",SUBTOTAL(3,$B$3:B24),"")
A25: =IF(B25<>"",SUBTOTAL(3,$B$3:B25),"")
A26: =IF(B26<>"",SUBTOTAL(3,$B$3:B26),"")
A27: =IF(B27<>"",SUBTOTAL(3,$B$3:B27),"")
A28: =IF(B28<>"",SUBTOTAL(3,$B$3:B28),"")
A29: =IF(B29<>"",SUBTOTAL(3,$B$3:B29),"")
A30: =IF(B30<>"",SUBTOTAL(3,$B$3:B30),"")
A31: =IF(B31<>"",SUBTOTAL(3,$B$3:B31),"")
... A50: =IF(B50<>"",SUBTOTAL(3,$B$3:B50),"")

Sheet 정량지표
A1: 정량지표 명(주요성능 spec 등) | B1: 확인지표 | C1: 지표단위 | D1: 가중치 | E1: 목표 | H1: 달성 | K1: 연차별 연구개발 달성률
E2: 0단계 1연차 | F2: 0단계 2연차 | G2: 0단계 3연차 | H2: 0단계 1연차 | I2: 0단계 2연차 | J2: 0단계 3연차 | K2: 0단계 1연차 | L2: 0단계 2연차 | M2: 0단계 3연차
A3: ARIA-E 뇌부종 영역 분할 정확도 (DSC) | B3: 공인시험성적서 | C3: % | D3: 32 | E3: 76 | F3: 78 | G3: 80 | H3: {=IFERROR(IF(ISNUMBER(INDEX(정량지표상세!$C$2:$C$24, MATCH(1, (정량지표상세!$A$2:$A$24=$A3) * (정량지표상세!$B$2:$B$24=H$2), 0))), SUMIFS(정량지표상세!$C$2:$C$24, 정량지표상세!$A$2:$A$24, $A3, 정량지표상세!$B$2:$B$24, H$2), INDEX(정량지표상세!$C$2:$C$24, MATCH(1, (정량지표상세!$A$2:$A$24=$A3) * (정량지표상세!$B$2:$B$24=H$2), 0))),"")} | I3: {=IFERROR(IF(ISNUMBER(INDEX(정량지표상세!$C$2:$C$24, MATCH(1, (정량지표상세!$A$2:$A$24=$A3) * (정량지표상세!$B$2:$B$24=I$2), 0))), SUMIFS(정량지표상세!$C$2:$C$24, 정량지표상세!$A$2:$A$24, $A3, 정량지표상세!$B$2:$B$24, I$2), INDEX(정량지표상세!$C$2:$C$24, MATCH(1, (정량지표상세!$A$2:$A$24=$A3) * (정량지표상세!$B$2:$B$24=I$2), 0))),"")} | J3: {=IFERROR(IF(ISNUMBER(INDEX(정량지표상세!$C$2:$C$24, MATCH(1, (정량지표상세!$A$2:$A$24=$A3) * (정량지표상세!$B$2:$B$24=J$2), 0))), SUMIFS(정량지표상세!$C$2:$C$24, 정량지표상세!$A$2:$A$24, $A3, 정량지표상세!$B$2:$B$24, J$2), INDEX(정량지표상세!$C$2:$C$24, MATCH(1, (정량지표상세!$A$2:$A$24=$A3) * (정량지표상세!$B$2:$B$24=J$2), 0))),"")} | K3: =IF(E3="","", IF(ISNUMBER(E3), IF(N(H3)/E3>=1,"달성","미달성"), IF(E3=H3,"달성","미달성") ) ) -> 미달성 | L3: =IF(F3="","", IF(ISNUMBER(F3), IF(N(I3)/F3>=1,"달성","미달성"), IF(F3=I3,"달성","미달성") ) ) -> 미달성 | M3: =IF(G3="","", IF(ISNUMBER(G3), IF(N(J3)/G3>=1,"달성","미달성"), IF(G3=J3,"달성","미달성") ) ) -> 미달성
A4: ARIA-H 표재철 침착증 검출 기술 민감도 (Sensitivity) | B4: 공인시험성적서 | C4: % | D4: 16 | E4: 75 | F4: 77 | G4: 80 | H4: {=IFERROR(IF(ISNUMBER(INDEX(정량지표상세!$C$2:$C$24, MATCH(1, (정량지표상세!$A$2:$A$24=$A4) * (정량지표상세!$B$2:$B$24=H$2), 0))), SUMIFS(정량지표상세!$C$2:$C$24, 정량지표상세!$A$2:$A$24, $A4, 정량지표상세!$B$2:$B$24, H$2), INDEX(정량지표상세!$C$2:$C$24, MATCH(1, (정량지표상세!$A$2:$A$24=$A4) * (정량지표상세!$B$2:$B$24=H$2), 0))),"")} | I4: {=IFERROR(IF(ISNUMBER(INDEX(정량지표상세!$C$2:$C$24, MATCH(1, (정량지표상세!$A$2:$A$24=$A4) * (정량지표상세!$B$2:$B$24=I$2), 0))), SUMIFS(정량지표상세!$C$2:$C$24, 정량지표상세!$A$2:$A$24, $A4, 정량지표상세!$B$2:$B$24, I$2), INDEX(정량지표상세!$C$2:$C$24, MATCH(1, (정량지표상세!$A$2:$A$24=$A4) * (정량지표상세!$B$2:$B$24=I$2), 0))),"")} | J4: {=IFERROR(IF(ISNUMBER(INDEX(정량지표상세!$C$2:$C$24, MATCH(1, (정량지표상세!$A$2:$A$24=$A4) * (정량지표상세!$B$2:$B$24=J$2), 0))), SUMIFS(정량지표상세!$C$2:$C$24, 정량지표상세!$A$2:$A$24, $A4, 정량지표상세!$B$2:$B$24, J$2), INDEX(정량지표상세!$C$2:$C$24, MATCH(1, (정량지표상세!$A$2:$A$24=$A4) * (정량지표상세!$B$2:$B$24=J$2), 0))),"")} | K4: =IF(E4="","", IF(ISNUMBER(E4), IF(N(H4)/E4>=1,"달성","미달성"), IF(E4=H4,"달성","미달성") ) ) -> 미달성 | L4: =IF(F4="","", IF(ISNUMBER(F4), IF(N(I4)/F4>=1,"달성","미달성"), IF(F4=I4,"달성","미달성") ) ) -> 미달성 | M4: =IF(G4="","", IF(ISNUMBER(G4), IF(N(J4)/G4>=1,"달성","미달성"), IF(G4=J4,"달성","미달성") ) ) -> 미달성
A5: ARIA-H 표재철 침착증 검출 기술 특이도 (Specificity) | B5: 공인시험성적서 | C5: % | D5: 16 | E5: 75 | F5: 77 | G5: 80 | H5: {=IFERROR(IF(ISNUMBER(INDEX(정량지표상세!$C$2:$C$24, MATCH(1, (정량지표상세!$A$2:$A$24=$A5) * (정량지표상세!$B$2:$B$24=H$2), 0))), SUMIFS(정량지표상세!$C$2:$C$24, 정량지표상세!$A$2:$A$24, $A5, 정량지표상세!$B$2:$B$24, H$2), INDEX(정량지표상세!$C$2:$C$24, MATCH(1, (정량지표상세!$A$2:$A$24=$A5) * (정량지표상세!$B$2:$B$24=H$2), 0))),"")} | I5: {=IFERROR(IF(ISNUMBER(INDEX(정량지표상세!$C$2:$C$24, MATCH(1, (정량지표상세!$A$2:$A$24=$A5) * (정량지표상세!$B$2:$B$24=I$2), 0))), SUMIFS(정량지표상세!$C$2:$C$24, 정량지표상세!$A$2:$A$24, $A5, 정량지표상세!$B$2:$B$24, I$2), INDEX(정량지표상세!$C$2:$C$24, MATCH(1, (정량지표상세!$A$2:$A$24=$A5) * (정량지표상세!$B$2:$B$24=I$2), 0))),"")} | J5: {=IFERROR(IF(ISNUMBER(INDEX(정량지표상세!$C$2:$C$24, MATCH(1, (정량지표상세!$A$2:$A$24=$A5) * (정량지표상세!$B$2:$B$24=J$2), 0))), SUMIFS(정량지표상세!$C$2:$C$24, 정량지표상세!$A$2:$A$24, $A5, 정량지표상세!$B$2:$B$24, J$2), INDEX(정량지표상세!$C$2:$C$24, MATCH(1, (정량지표상세!$A$2:$A$24=$A5) * (정량지표상세!$B$2:$B$24=J$2), 0))),"")} | K5: =IF(E5="","", IF(ISNUMBER(E5), IF(N(H5)/E5>=1,"달성","미달성"), IF(E5=H5,"달성","미달성") ) ) -> 미달성 | L5: =IF(F5="","", IF(ISNUMBER(F5), IF(N(I5)/F5>=1,"달성","미달성"), IF(F5=I5,"달성","미달성") ) ) -> 미달성 | M5: =IF(G5="","", IF(ISNUMBER(G5), IF(N(J5)/G5>=1,"달성","미달성"), IF(G5=J5,"달성","미달성") ) ) -> 미달성
A6: 실증 자료 활용 국내 인증 신청/인증 | B6: 인증서 | C6: 건 | D6: 6 | F6: 1 | H6: {=IFERROR(IF(ISNUMBER(INDEX(정량지표상세!$C$2:$C$24, MATCH(1, (정량지표상세!$A$2:$A$24=$A6) * (정량지표상세!$B$2:$B$24=H$2), 0))), SUMIFS(정량지표상세!$C$2:$C$24, 정량지표상세!$A$2:$A$24, $A6, 정량지표상세!$B$2:$B$24, H$2), INDEX(정량지표상세!$C$2:$C$24, MATCH(1, (정량지표상세!$A$2:$A$24=$A6) * (정량지표상세!$B$2:$B$24=H$2), 0))),"")} | I6: {=IFERROR(IF(ISNUMBER(INDEX(정량지표상세!$C$2:$C$24, MATCH(1, (정량지표상세!$A$2:$A$24=$A6) * (정량지표상세!$B$2:$B$24=I$2), 0))), SUMIFS(정량지표상세!$C$2:$C$24, 정량지표상세!$A$2:$A$24, $A6, 정량지표상세!$B$2:$B$24, I$2), INDEX(정량지표상세!$C$2:$C$24, MATCH(1, (정량지표상세!$A$2:$A$24=$A6) * (정량지표상세!$B$2:$B$24=I$2), 0))),"")} -> 1 | J6: {=IFERROR(IF(ISNUMBER(INDEX(정량지표상세!$C$2:$C$24, MATCH(1, (정량지표상세!$A$2:$A$24=$A6) * (정량지표상세!$B$2:$B$24=J$2), 0))), SUMIFS(정량지표상세!$C$2:$C$24, 정량지표상세!$A$2:$A$24, $A6, 정량지표상세!$B$2:$B$24, J$2), INDEX(정량지표상세!$C$2:$C$24, MATCH(1, (정량지표상세!$A$2:$A$24=$A6) * (정량지표상세!$B$2:$B$24=J$2), 0))),"")} | K6: =IF(E6="","", IF(ISNUMBER(E6), IF(N(H6)/E6>=1,"달성","미달성"), IF(E6=H6,"달성","미달성") ) ) | L6: =IF(F6="","", IF(ISNUMBER(F6), IF(N(I6)/F6>=1,"달성","미달성"), IF(F6=I6,"달성","미달성") ) ) -> 달성 | M6: =IF(G6="","", IF(ISNUMBER(G6), IF(N(J6)/G6>=1,"달성","미달성"), IF(G6=J6,"달성","미달성") ) )
A7: 실증 자료 활용 일본 인증 신청/인증 | B7: 인증서 | C7: 건 | D7: 10 | F7: 1 | H7: {=IFERROR(IF(ISNUMBER(INDEX(정량지표상세!$C$2:$C$24, MATCH(1, (정량지표상세!$A$2:$A$24=$A7) * (정량지표상세!$B$2:$B$24=H$2), 0))), SUMIFS(정량지표상세!$C$2:$C$24, 정량지표상세!$A$2:$A$24, $A7, 정량지표상세!$B$2:$B$24, H$2), INDEX(정량지표상세!$C$2:$C$24, MATCH(1, (정량지표상세!$A$2:$A$24=$A7) * (정량지표상세!$B$2:$B$24=H$2), 0))),"")} | I7: {=IFERROR(IF(ISNUMBER(INDEX(정량지표상세!$C$2:$C$24, MATCH(1, (정량지표상세!$A$2:$A$24=$A7) * (정량지표상세!$B$2:$B$24=I$2), 0))), SUMIFS(정량지표상세!$C$2:$C$24, 정량지표상세!$A$2:$A$24, $A7, 정량지표상세!$B$2:$B$24, I$2), INDEX(정량지표상세!$C$2:$C$24, MATCH(1, (정량지표상세!$A$2:$A$24=$A7) * (정량지표상세!$B$2:$B$24=I$2), 0))),"")} -> 1 | J7: {=IFERROR(IF(ISNUMBER(INDEX(정량지표상세!$C$2:$C$24, MATCH(1, (정량지표상세!$A$2:$A$24=$A7) * (정량지표상세!$B$2:$B$24=J$2), 0))), SUMIFS(정량지표상세!$C$2:$C$24, 정량지표상세!$A$2:$A$24, $A7, 정량지표상세!$B$2:$B$24, J$2), INDEX(정량지표상세!$C$2:$C$24, MATCH(1, (정량지표상세!$A$2:$A$24=$A7) * (정량지표상세!$B$2:$B$24=J$2), 0))),"")} | K7: =IF(E7="","", IF(ISNUMBER(E7), IF(N(H7)/E7>=1,"달성","미달성"), IF(E7=H7,"달성","미달성") ) ) | L7: =IF(F7="","", IF(ISNUMBER(F7), IF(N(I7)/F7>=1,"달성","미달성"), IF(F7=I7,"달성","미달성") ) ) -> 달성 | M7: =IF(G7="","", IF(ISNUMBER(G7), IF(N(J7)/G7>=1,"달성","미달성"), IF(G7=J7,"달성","미달성") ) )
A8: 실증 자료 활용 미국 인증 신청/인증 | B8: 인증서 | C8: 건 | D8: 10 | G8: 1 | H8: {=IFERROR(IF(ISNUMBER(INDEX(정량지표상세!$C$2:$C$24, MATCH(1, (정량지표상세!$A$2:$A$24=$A8) * (정량지표상세!$B$2:$B$24=H$2), 0))), SUMIFS(정량지표상세!$C$2:$C$24, 정량지표상세!$A$2:$A$24, $A8, 정량지표상세!$B$2:$B$24, H$2), INDEX(정량지표상세!$C$2:$C$24, MATCH(1, (정량지표상세!$A$2:$A$24=$A8) * (정량지표상세!$B$2:$B$24=H$2), 0))),"")} | I8: {=IFERROR(IF(ISNUMBER(INDEX(정량지표상세!$C$2:$C$24, MATCH(1, (정량지표상세!$A$2:$A$24=$A8) * (정량지표상세!$B$2:$B$24=I$2), 0))), SUMIFS(정량지표상세!$C$2:$C$24, 정량지표상세!$A$2:$A$24, $A8, 정량지표상세!$B$2:$B$24, I$2), INDEX(정량지표상세!$C$2:$C$24, MATCH(1, (정량지표상세!$A$2:$A$24=$A8) * (정량지표상세!$B$2:$B$24=I$2), 0))),"")} | J8: {=IFERROR(IF(ISNUMBER(INDEX(정량지표상세!$C$2:$C$24, MATCH(1, (정량지표상세!$A$2:$A$24=$A8) * (정량지표상세!$B$2:$B$24=J$2), 0))), SUMIFS(정량지표상세!$C$2:$C$24, 정량지표상세!$A$2:$A$24, $A8, 정량지표상세!$B$2:$B$24, J$2), INDEX(정량지표상세!$C$2:$C$24, MATCH(1, (정량지표상세!$A$2:$A$24=$A8) * (정량지표상세!$B$2:$B$24=J$2), 0))),"")} -> 1 | K8: =IF(E8="","", IF(ISNUMBER(E8), IF(N(H8)/E8>=1,"달성","미달성"), IF(E8=H8,"달성","미달성") ) ) | L8: =IF(F8="","", IF(ISNUMBER(F8), IF(N(I8)/F8>=1,"달성","미달성"), IF(F8=I8,"달성","미달성") ) ) | M8: =IF(G8="","", IF(ISNUMBER(G8), IF(N(J8)/G8>=1,"달성","미달성"), IF(G8=J8,"달성","미달성") ) ) -> 달성
A9: 실증 자료 활용 유럽 인증 신청 | B9: 신청서 | C9: 건 | D9: 10 | G9: 1 | H9: {=IFERROR(IF(ISNUMBER(INDEX(정량지표상세!$C$2:$C$24, MATCH(1, (정량지표상세!$A$2:$A$24=$A9) * (정량지표상세!$B$2:$B$24=H$2), 0))), SUMIFS(정량지표상세!$C$2:$C$24, 정량지표상세!$A$2:$A$24, $A9, 정량지표상세!$B$2:$B$24, H$2), INDEX(정량지표상세!$C$2:$C$24, MATCH(1, (정량지표상세!$A$2:$A$24=$A9) * (정량지표상세!$B$2:$B$24=H$2), 0))),"")} | I9: {=IFERROR(IF(ISNUMBER(INDEX(정량지표상세!$C$2:$C$24, MATCH(1, (정량지표상세!$A$2:$A$24=$A9) * (정량지표상세!$B$2:$B$24=I$2), 0))), SUMIFS(정량지표상세!$C$2:$C$24, 정량지표상세!$A$2:$A$24, $A9, 정량지표상세!$B$2:$B$24, I$2), INDEX(정량지표상세!$C$2:$C$24, MATCH(1, (정량지표상세!$A$2:$A$24=$A9) * (정량지표상세!$B$2:$B$24=I$2), 0))),"")} | J9: {=IFERROR(IF(ISNUMBER(INDEX(정량지표상세!$C$2:$C$24, MATCH(1, (정량지표상세!$A$2:$A$24=$A9) * (정량지표상세!$B$2:$B$24=J$2), 0))), SUMIFS(정량지표상세!$C$2:$C$24, 정량지표상세!$A$2:$A$24, $A9, 정량지표상세!$B$2:$B$24, J$2), INDEX(정량지표상세!$C$2:$C$24, MATCH(1, (정량지표상세!$A$2:$A$24=$A9) * (정량지표상세!$B$2:$B$24=J$2), 0))),"")} | K9: =IF(E9="","", IF(ISNUMBER(E9), IF(N(H9)/E9>=1,"달성","미달성"), IF(E9=H9,"달성","미달성") ) ) | L9: =IF(F9="","", IF(ISNUMBER(F9), IF(N(I9)/F9>=1,"달성","미달성"), IF(F9=I9,"달성","미달성") ) ) | M9: =IF(G9="","", IF(ISNUMBER(G9), IF(N(J9)/G9>=1,"달성","미달성"), IF(G9=J9,"달성","미달성") ) ) -> 미달성
A10: 신규고용 | C10: 명 | E10: 2 | F10: 1 | H10: {=IFERROR(IF(ISNUMBER(INDEX(정량지표상세!$C$2:$C$24, MATCH(1, (정량지표상세!$A$2:$A$24=$A10) * (정량지표상세!$B$2:$B$24=H$2), 0))), SUMIFS(정량지표상세!$C$2:$C$24, 정량지표상세!$A$2:$A$24, $A10, 정량지표상세!$B$2:$B$24, H$2), INDEX(정량지표상세!$C$2:$C$24, MATCH(1, (정량지표상세!$A$2:$A$24=$A10) * (정량지표상세!$B$2:$B$24=H$2), 0))),"")} -> 2 | I10: {=IFERROR(IF(ISNUMBER(INDEX(정량지표상세!$C$2:$C$24, MATCH(1, (정량지표상세!$A$2:$A$24=$A10) * (정량지표상세!$B$2:$B$24=I$2), 0))), SUMIFS(정량지표상세!$C$2:$C$24, 정량지표상세!$A$2:$A$24, $A10, 정량지표상세!$B$2:$B$24, I$2), INDEX(정량지표상세!$C$2:$C$24, MATCH(1, (정량지표상세!$A$2:$A$24=$A10) * (정량지표상세!$B$2:$B$24=I$2), 0))),"")} -> 1 | J10: {=IFERROR(IF(ISNUMBER(INDEX(정량지표상세!$C$2:$C$24, MATCH(1, (정량지표상세!$A$2:$A$24=$A10) * (정량지표상세!$B$2:$B$24=J$2), 0))), SUMIFS(정량지표상세!$C$2:$C$24, 정량지표상세!$A$2:$A$24, $A10, 정량지표상세!$B$2:$B$24, J$2), INDEX(정량지표상세!$C$2:$C$24, MATCH(1, (정량지표상세!$A$2:$A$24=$A10) * (정량지표상세!$B$2:$B$24=J$2), 0))),"")} | K10: =IF(E10="","", IF(ISNUMBER(E10), IF(N(H10)/E10>=1,"달성","미달성"), IF(E10=H10,"달성","미달성") ) ) -> 달성 | L10: =IF(F10="","", IF(ISNUMBER(F10), IF(N(I10)/F10>=1,"달성","미달성"), IF(F10=I10,"달성","미달성") ) ) -> 달성 | M10: =IF(G10="","", IF(ISNUMBER(G10), IF(N(J10)/G10>=1,"달성","미달성"), IF(G10=J10,"달성","미달성") ) )
A11: 국내매출 | C11: 백만원 | F11: 580 | G11: 600 | H11: {=IFERROR(IF(ISNUMBER(INDEX(정량지표상세!$C$2:$C$24, MATCH(1, (정량지표상세!$A$2:$A$24=$A11) * (정량지표상세!$B$2:$B$24=H$2), 0))), SUMIFS(정량지표상세!$C$2:$C$24, 정량지표상세!$A$2:$A$24, $A11, 정량지표상세!$B$2:$B$24, H$2), INDEX(정량지표상세!$C$2:$C$24, MATCH(1, (정량지표상세!$A$2:$A$24=$A11) * (정량지표상세!$B$2:$B$24=H$2), 0))),"")} | I11: {=IFERROR(IF(ISNUMBER(INDEX(정량지표상세!$C$2:$C$24, MATCH(1, (정량지표상세!$A$2:$A$24=$A11) * (정량지표상세!$B$2:$B$24=I$2), 0))), SUMIFS(정량지표상세!$C$2:$C$24, 정량지표상세!$A$2:$A$24, $A11, 정량지표상세!$B$2:$B$24, I$2), INDEX(정량지표상세!$C$2:$C$24, MATCH(1, (정량지표상세!$A$2:$A$24=$A11) * (정량지표상세!$B$2:$B$24=I$2), 0))),"")} -> 370 | J11: {=IFERROR(IF(ISNUMBER(INDEX(정량지표상세!$C$2:$C$24, MATCH(1, (정량지표상세!$A$2:$A$24=$A11) * (정량지표상세!$B$2:$B$24=J$2), 0))), SUMIFS(정량지표상세!$C$2:$C$24, 정량지표상세!$A$2:$A$24, $A11, 정량지표상세!$B$2:$B$24, J$2), INDEX(정량지표상세!$C$2:$C$24, MATCH(1, (정량지표상세!$A$2:$A$24=$A11) * (정량지표상세!$B$2:$B$24=J$2), 0))),"")} | K11: =IF(E11="","", IF(ISNUMBER(E11), IF(N(H11)/E11>=1,"달성","미달성"), IF(E11=H11,"달성","미달성") ) ) | L11: =IF(F11="","", IF(ISNUMBER(F11), IF(N(I11)/F11>=1,"달성","미달성"), IF(F11=I11,"달성","미달성") ) ) -> 미달성 | M11: =IF(G11="","", IF(ISNUMBER(G11), IF(N(J11)/G11>=1,"달성","미달성"), IF(G11=J11,"달성","미달성") ) ) -> 미달성
A12: 수출 | C12: 백만원 | F12: 1010 | G12: 5000 | H12: {=IFERROR(IF(ISNUMBER(INDEX(정량지표상세!$C$2:$C$24, MATCH(1, (정량지표상세!$A$2:$A$24=$A12) * (정량지표상세!$B$2:$B$24=H$2), 0))), SUMIFS(정량지표상세!$C$2:$C$24, 정량지표상세!$A$2:$A$24, $A12, 정량지표상세!$B$2:$B$24, H$2), INDEX(정량지표상세!$C$2:$C$24, MATCH(1, (정량지표상세!$A$2:$A$24=$A12) * (정량지표상세!$B$2:$B$24=H$2), 0))),"")} | I12: {=IFERROR(IF(ISNUMBER(INDEX(정량지표상세!$C$2:$C$24, MATCH(1, (정량지표상세!$A$2:$A$24=$A12) * (정량지표상세!$B$2:$B$24=I$2), 0))), SUMIFS(정량지표상세!$C$2:$C$24, 정량지표상세!$A$2:$A$24, $A12, 정량지표상세!$B$2:$B$24, I$2), INDEX(정량지표상세!$C$2:$C$24, MATCH(1, (정량지표상세!$A$2:$A$24=$A12) * (정량지표상세!$B$2:$B$24=I$2), 0))),"")} | J12: {=IFERROR(IF(ISNUMBER(INDEX(정량지표상세!$C$2:$C$24, MATCH(1, (정량지표상세!$A$2:$A$24=$A12) * (정량지표상세!$B$2:$B$24=J$2), 0))), SUMIFS(정량지표상세!$C$2:$C$24, 정량지표상세!$A$2:$A$24, $A12, 정량지표상세!$B$2:$B$24, J$2), INDEX(정량지표상세!$C$2:$C$24, MATCH(1, (정량지표상세!$A$2:$A$24=$A12) * (정량지표상세!$B$2:$B$24=J$2), 0))),"")} | K12: =IF(E12="","", IF(ISNUMBER(E12), IF(N(H12)/E12>=1,"달성","미달성"), IF(E12=H12,"달성","미달성") ) ) | L12: =IF(F12="","", IF(ISNUMBER(F12), IF(N(I12)/F12>=1,"달성","미달성"), IF(F12=I12,"달성","미달성") ) ) -> 미달성 | M12: =IF(G12="","", IF(ISNUMBER(G12), IF(N(J12)/G12>=1,"달성","미달성"), IF(G12=J12,"달성","미달성") ) ) -> 미달성
A13: 특허 | C13: 건 | F13: 2 | G13: 3 | H13: {=IFERROR(IF(ISNUMBER(INDEX(정량지표상세!$C$2:$C$24, MATCH(1, (정량지표상세!$A$2:$A$24=$A13) * (정량지표상세!$B$2:$B$24=H$2), 0))), SUMIFS(정량지표상세!$C$2:$C$24, 정량지표상세!$A$2:$A$24, $A13, 정량지표상세!$B$2:$B$24, H$2), INDEX(정량지표상세!$C$2:$C$24, MATCH(1, (정량지표상세!$A$2:$A$24=$A13) * (정량지표상세!$B$2:$B$24=H$2), 0))),"")} | I13: {=IFERROR(IF(ISNUMBER(INDEX(정량지표상세!$C$2:$C$24, MATCH(1, (정량지표상세!$A$2:$A$24=$A13) * (정량지표상세!$B$2:$B$24=I$2), 0))), SUMIFS(정량지표상세!$C$2:$C$24, 정량지표상세!$A$2:$A$24, $A13, 정량지표상세!$B$2:$B$24, I$2), INDEX(정량지표상세!$C$2:$C$24, MATCH(1, (정량지표상세!$A$2:$A$24=$A13) * (정량지표상세!$B$2:$B$24=I$2), 0))),"")} | J13: {=IFERROR(IF(ISNUMBER(INDEX(정량지표상세!$C$2:$C$24, MATCH(1, (정량지표상세!$A$2:$A$24=$A13) * (정량지표상세!$B$2:$B$24=J$2), 0))), SUMIFS(정량지표상세!$C$2:$C$24, 정량지표상세!$A$2:$A$24, $A13, 정량지표상세!$B$2:$B$24, J$2), INDEX(정량지표상세!$C$2:$C$24, MATCH(1, (정량지표상세!$A$2:$A$24=$A13) * (정량지표상세!$B$2:$B$24=J$2), 0))),"")} | K13: =IF(E13="","", IF(ISNUMBER(E13), IF(N(H13)/E13>=1,"달성","미달성"), IF(E13=H13,"달성","미달성") ) ) | L13: =IF(F13="","", IF(ISNUMBER(F13), IF(N(I13)/F13>=1,"달성","미달성"), IF(F13=I13,"달성","미달성") ) ) -> 미달성 | M13: =IF(G13="","", IF(ISNUMBER(G13), IF(N(J13)/G13>=1,"달성","미달성"), IF(G13=J13,"달성","미달성") ) ) -> 미달성
H14: {=IFERROR(IF(ISNUMBER(INDEX(정량지표상세!$C$2:$C$24, MATCH(1, (정량지표상세!$A$2:$A$24=$A14) * (정량지표상세!$B$2:$B$24=H$2), 0))), SUMIFS(정량지표상세!$C$2:$C$24, 정량지표상세!$A$2:$A$24, $A14, 정량지표상세!$B$2:$B$24, H$2), INDEX(정량지표상세!$C$2:$C$24, MATCH(1, (정량지표상세!$A$2:$A$24=$A14) * (정량지표상세!$B$2:$B$24=H$2), 0))),"")} | I14: {=IFERROR(IF(ISNUMBER(INDEX(정량지표상세!$C$2:$C$24, MATCH(1, (정량지표상세!$A$2:$A$24=$A14) * (정량지표상세!$B$2:$B$24=I$2), 0))), SUMIFS(정량지표상세!$C$2:$C$24, 정량지표상세!$A$2:$A$24, $A14, 정량지표상세!$B$2:$B$24, I$2), INDEX(정량지표상세!$C$2:$C$24, MATCH(1, (정량지표상세!$A$2:$A$24=$A14) * (정량지표상세!$B$2:$B$24=I$2), 0))),"")} | J14: {=IFERROR(IF(ISNUMBER(INDEX(정량지표상세!$C$2:$C$24, MATCH(1, (정량지표상세!$A$2:$A$24=$A14) * (정량지표상세!$B$2:$B$24=J$2), 0))), SUMIFS(정량지표상세!$C$2:$C$24, 정량지표상세!$A$2:$A$24, $A14, 정량지표상세!$B$2:$B$24, J$2), INDEX(정량지표상세!$C$2:$C$24, MATCH(1, (정량지표상세!$A$2:$A$24=$A14) * (정량지표상세!$B$2:$B$24=J$2), 0))),"")} | K14: =IF(E14="","", IF(ISNUMBER(E14), IF(N(H14)/E14>=1,"달성","미달성"), IF(E14=H14,"달성","미달성") ) ) | L14: =IF(F14="","", IF(ISNUMBER(F14), IF(N(I14)/F14>=1,"달성","미달성"), IF(F14=I14,"달성","미달성") ) ) | M14: =IF(G14="","", IF(ISNUMBER(G14), IF(N(J14)/G14>=1,"달성","미달성"), IF(G14=J14,"달성","미달성") ) )
H15: {=IFERROR(IF(ISNUMBER(INDEX(정량지표상세!$C$2:$C$24, MATCH(1, (정량지표상세!$A$2:$A$24=$A15) * (정량지표상세!$B$2:$B$24=H$2), 0))), SUMIFS(정량지표상세!$C$2:$C$24, 정량지표상세!$A$2:$A$24, $A15, 정량지표상세!$B$2:$B$24, H$2), INDEX(정량지표상세!$C$2:$C$24, MATCH(1, (정량지표상세!$A$2:$A$24=$A15) * (정량지표상세!$B$2:$B$24=H$2), 0))),"")} | I15: {=IFERROR(IF(ISNUMBER(INDEX(정량지표상세!$C$2:$C$24, MATCH(1, (정량지표상세!$A$2:$A$24=$A15) * (정량지표상세!$B$2:$B$24=I$2), 0))), SUMIFS(정량지표상세!$C$2:$C$24, 정량지표상세!$A$2:$A$24, $A15, 정량지표상세!$B$2:$B$24, I$2), INDEX(정량지표상세!$C$2:$C$24, MATCH(1, (정량지표상세!$A$2:$A$24=$A15) * (정량지표상세!$B$2:$B$24=I$2), 0))),"")} | J15: {=IFERROR(IF(ISNUMBER(INDEX(정량지표상세!$C$2:$C$24, MATCH(1, (정량지표상세!$A$2:$A$24=$A15) * (정량지표상세!$B$2:$B$24=J$2), 0))), SUMIFS(정량지표상세!$C$2:$C$24, 정량지표상세!$A$2:$A$24, $A15, 정량지표상세!$B$2:$B$24, J$2), INDEX(정량지표상세!$C$2:$C$24, MATCH(1, (정량지표상세!$A$2:$A$24=$A15) * (정량지표상세!$B$2:$B$24=J$2), 0))),"")} | K15: =IF(E15="","", IF(ISNUMBER(E15), IF(N(H15)/E15>=1,"달성","미달성"), IF(E15=H15,"달성","미달성") ) ) | L15: =IF(F15="","", IF(ISNUMBER(F15), IF(N(I15)/F15>=1,"달성","미달성"), IF(F15=I15,"달성","미달성") ) ) | M15: =IF(G15="","", IF(ISNUMBER(G15), IF(N(J15)/G15>=1,"달성","미달성"), IF(G15=J15,"달성","미달성") ) )
H16: {=IFERROR(IF(ISNUMBER(INDEX(정량지표상세!$C$2:$C$24, MATCH(1, (정량지표상세!$A$2:$A$24=$A16) * (정량지표상세!$B$2:$B$24=H$2), 0))), SUMIFS(정량지표상세!$C$2:$C$24, 정량지표상세!$A$2:$A$24, $A16, 정량지표상세!$B$2:$B$24, H$2), INDEX(정량지표상세!$C$2:$C$24, MATCH(1, (정량지표상세!$A$2:$A$24=$A16) * (정량지표상세!$B$2:$B$24=H$2), 0))),"")} | I16: {=IFERROR(IF(ISNUMBER(INDEX(정량지표상세!$C$2:$C$24, MATCH(1, (정량지표상세!$A$2:$A$24=$A16) * (정량지표상세!$B$2:$B$24=I$2), 0))), SUMIFS(정량지표상세!$C$2:$C$24, 정량지표상세!$A$2:$A$24, $A16, 정량지표상세!$B$2:$B$24, I$2), INDEX(정량지표상세!$C$2:$C$24, MATCH(1, (정량지표상세!$A$2:$A$24=$A16) * (정량지표상세!$B$2:$B$24=I$2), 0))),"")} | J16: {=IFERROR(IF(ISNUMBER(INDEX(정량지표상세!$C$2:$C$24, MATCH(1, (정량지표상세!$A$2:$A$24=$A16) * (정량지표상세!$B$2:$B$24=J$2), 0))), SUMIFS(정량지표상세!$C$2:$C$24, 정량지표상세!$A$2:$A$24, $A16, 정량지표상세!$B$2:$B$24, J$2), INDEX(정량지표상세!$C$2:$C$24, MATCH(1, (정량지표상세!$A$2:$A$24=$A16) * (정량지표상세!$B$2:$B$24=J$2), 0))),"")} | K16: =IF(E16="","", IF(ISNUMBER(E16), IF(N(H16)/E16>=1,"달성","미달성"), IF(E16=H16,"달성","미달성") ) ) | L16: =IF(F16="","", IF(ISNUMBER(F16), IF(N(I16)/F16>=1,"달성","미달성"), IF(F16=I16,"달성","미달성") ) ) | M16: =IF(G16="","", IF(ISNUMBER(G16), IF(N(J16)/G16>=1,"달성","미달성"), IF(G16=J16,"달성","미달성") ) )
H17: {=IFERROR(IF(ISNUMBER(INDEX(정량지표상세!$C$2:$C$24, MATCH(1, (정량지표상세!$A$2:$A$24=$A17) * (정량지표상세!$B$2:$B$24=H$2), 0))), SUMIFS(정량지표상세!$C$2:$C$24, 정량지표상세!$A$2:$A$24, $A17, 정량지표상세!$B$2:$B$24, H$2), INDEX(정량지표상세!$C$2:$C$24, MATCH(1, (정량지표상세!$A$2:$A$24=$A17) * (정량지표상세!$B$2:$B$24=H$2), 0))),"")} | I17: {=IFERROR(IF(ISNUMBER(INDEX(정량지표상세!$C$2:$C$24, MATCH(1, (정량지표상세!$A$2:$A$24=$A17) * (정량지표상세!$B$2:$B$24=I$2), 0))), SUMIFS(정량지표상세!$C$2:$C$24, 정량지표상세!$A$2:$A$24, $A17, 정량지표상세!$B$2:$B$24, I$2), INDEX(정량지표상세!$C$2:$C$24, MATCH(1, (정량지표상세!$A$2:$A$24=$A17) * (정량지표상세!$B$2:$B$24=I$2), 0))),"")} | J17: {=IFERROR(IF(ISNUMBER(INDEX(정량지표상세!$C$2:$C$24, MATCH(1, (정량지표상세!$A$2:$A$24=$A17) * (정량지표상세!$B$2:$B$24=J$2), 0))), SUMIFS(정량지표상세!$C$2:$C$24, 정량지표상세!$A$2:$A$24, $A17, 정량지표상세!$B$2:$B$24, J$2), INDEX(정량지표상세!$C$2:$C$24, MATCH(1, (정량지표상세!$A$2:$A$24=$A17) * (정량지표상세!$B$2:$B$24=J$2), 0))),"")} | K17: =IF(E17="","", IF(ISNUMBER(E17), IF(N(H17)/E17>=1,"달성","미달성"), IF(E17=H17,"달성","미달성") ) ) | L17: =IF(F17="","", IF(ISNUMBER(F17), IF(N(I17)/F17>=1,"달성","미달성"), IF(F17=I17,"달성","미달성") ) ) | M17: =IF(G17="","", IF(ISNUMBER(G17), IF(N(J17)/G17>=1,"달성","미달성"), IF(G17=J17,"달성","미달성") ) )
H18: {=IFERROR(IF(ISNUMBER(INDEX(정량지표상세!$C$2:$C$24, MATCH(1, (정량지표상세!$A$2:$A$24=$A18) * (정량지표상세!$B$2:$B$24=H$2), 0))), SUMIFS(정량지표상세!$C$2:$C$24, 정량지표상세!$A$2:$A$24, $A18, 정량지표상세!$B$2:$B$24, H$2), INDEX(정량지표상세!$C$2:$C$24, MATCH(1, (정량지표상세!$A$2:$A$24=$A18) * (정량지표상세!$B$2:$B$24=H$2), 0))),"")} | I18: {=IFERROR(IF(ISNUMBER(INDEX(정량지표상세!$C$2:$C$24, MATCH(1, (정량지표상세!$A$2:$A$24=$A18) * (정량지표상세!$B$2:$B$24=I$2), 0))), SUMIFS(정량지표상세!$C$2:$C$24, 정량지표상세!$A$2:$A$24, $A18, 정량지표상세!$B$2:$B$24, I$2), INDEX(정량지표상세!$C$2:$C$24, MATCH(1, (정량지표상세!$A$2:$A$24=$A18) * (정량지표상세!$B$2:$B$24=I$2), 0))),"")} | J18: {=IFERROR(IF(ISNUMBER(INDEX(정량지표상세!$C$2:$C$24, MATCH(1, (정량지표상세!$A$2:$A$24=$A18) * (정량지표상세!$B$2:$B$24=J$2), 0))), SUMIFS(정량지표상세!$C$2:$C$24, 정량지표상세!$A$2:$A$24, $A18, 정량지표상세!$B$2:$B$24, J$2), INDEX(정량지표상세!$C$2:$C$24, MATCH(1, (정량지표상세!$A$2:$A$24=$A18) * (정량지표상세!$B$2:$B$24=J$2), 0))),"")} | K18: =IF(E18="","", IF(ISNUMBER(E18), IF(N(H18)/E18>=1,"달성","미달성"), IF(E18=H18,"달성","미달성") ) ) | L18: =IF(F18="","", IF(ISNUMBER(F18), IF(N(I18)/F18>=1,"달성","미달성"), IF(F18=I18,"달성","미달성") ) ) | M18: =IF(G18="","", IF(ISNUMBER(G18), IF(N(J18)/G18>=1,"달성","미달성"), IF(G18=J18,"달성","미달성") ) )
H19: {=IFERROR(IF(ISNUMBER(INDEX(정량지표상세!$C$2:$C$24, MATCH(1, (정량지표상세!$A$2:$A$24=$A19) * (정량지표상세!$B$2:$B$24=H$2), 0))), SUMIFS(정량지표상세!$C$2:$C$24, 정량지표상세!$A$2:$A$24, $A19, 정량지표상세!$B$2:$B$24, H$2), INDEX(정량지표상세!$C$2:$C$24, MATCH(1, (정량지표상세!$A$2:$A$24=$A19) * (정량지표상세!$B$2:$B$24=H$2), 0))),"")} | I19: {=IFERROR(IF(ISNUMBER(INDEX(정량지표상세!$C$2:$C$24, MATCH(1, (정량지표상세!$A$2:$A$24=$A19) * (정량지표상세!$B$2:$B$24=I$2), 0))), SUMIFS(정량지표상세!$C$2:$C$24, 정량지표상세!$A$2:$A$24, $A19, 정량지표상세!$B$2:$B$24, I$2), INDEX(정량지표상세!$C$2:$C$24, MATCH(1, (정량지표상세!$A$2:$A$24=$A19) * (정량지표상세!$B$2:$B$24=I$2), 0))),"")} | J19: {=IFERROR(IF(ISNUMBER(INDEX(정량지표상세!$C$2:$C$24, MATCH(1, (정량지표상세!$A$2:$A$24=$A19) * (정량지표상세!$B$2:$B$24=J$2), 0))), SUMIFS(정량지표상세!$C$2:$C$24, 정량지표상세!$A$2:$A$24, $A19, 정량지표상세!$B$2:$B$24, J$2), INDEX(정량지표상세!$C$2:$C$24, MATCH(1, (정량지표상세!$A$2:$A$24=$A19) * (정량지표상세!$B$2:$B$24=J$2), 0))),"")} | K19: =IF(E19="","", IF(ISNUMBER(E19), IF(N(H19)/E19>=1,"달성","미달성"), IF(E19=H19,"달성","미달성") ) ) | L19: =IF(F19="","", IF(ISNUMBER(F19), IF(N(I19)/F19>=1,"달성","미달성"), IF(F19=I19,"달성","미달성") ) ) | M19: =IF(G19="","", IF(ISNUMBER(G19), IF(N(J19)/G19>=1,"달성","미달성"), IF(G19=J19,"달성","미달성") ) )
H20: {=IFERROR(IF(ISNUMBER(INDEX(정량지표상세!$C$2:$C$24, MATCH(1, (정량지표상세!$A$2:$A$24=$A20) * (정량지표상세!$B$2:$B$24=H$2), 0))), SUMIFS(정량지표상세!$C$2:$C$24, 정량지표상세!$A$2:$A$24, $A20, 정량지표상세!$B$2:$B$24, H$2), INDEX(정량지표상세!$C$2:$C$24, MATCH(1, (정량지표상세!$A$2:$A$24=$A20) * (정량지표상세!$B$2:$B$24=H$2), 0))),"")} | I20: {=IFERROR(IF(ISNUMBER(INDEX(정량지표상세!$C$2:$C$24, MATCH(1, (정량지표상세!$A$2:$A$24=$A20) * (정량지표상세!$B$2:$B$24=I$2), 0))), SUMIFS(정량지표상세!$C$2:$C$24, 정량지표상세!$A$2:$A$24, $A20, 정량지표상세!$B$2:$B$24, I$2), INDEX(정량지표상세!$C$2:$C$24, MATCH(1, (정량지표상세!$A$2:$A$24=$A20) * (정량지표상세!$B$2:$B$24=I$2), 0))),"")} | J20: {=IFERROR(IF(ISNUMBER(INDEX(정량지표상세!$C$2:$C$24, MATCH(1, (정량지표상세!$A$2:$A$24=$A20) * (정량지표상세!$B$2:$B$24=J$2), 0))), SUMIFS(정량지표상세!$C$2:$C$24, 정량지표상세!$A$2:$A$24, $A20, 정량지표상세!$B$2:$B$24, J$2), INDEX(정량지표상세!$C$2:$C$24, MATCH(1, (정량지표상세!$A$2:$A$24=$A20) * (정량지표상세!$B$2:$B$24=J$2), 0))),"")} | K20: =IF(E20="","", IF(ISNUMBER(E20), IF(N(H20)/E20>=1,"달성","미달성"), IF(E20=H20,"달성","미달성") ) ) | L20: =IF(F20="","", IF(ISNUMBER(F20), IF(N(I20)/F20>=1,"달성","미달성"), IF(F20=I20,"달성","미달성") ) ) | M20: =IF(G20="","", IF(ISNUMBER(G20), IF(N(J20)/G20>=1,"달성","미달성"), IF(G20=J20,"달성","미달성") ) )
H21: {=IFERROR(IF(ISNUMBER(INDEX(정량지표상세!$C$2:$C$24, MATCH(1, (정량지표상세!$A$2:$A$24=$A21) * (정량지표상세!$B$2:$B$24=H$2), 0))), SUMIFS(정량지표상세!$C$2:$C$24, 정량지표상세!$A$2:$A$24, $A21, 정량지표상세!$B$2:$B$24, H$2), INDEX(정량지표상세!$C$2:$C$24, MATCH(1, (정량지표상세!$A$2:$A$24=$A21) * (정량지표상세!$B$2:$B$24=H$2), 0))),"")} | I21: {=IFERROR(IF(ISNUMBER(INDEX(정량지표상세!$C$2:$C$24, MATCH(1, (정량지표상세!$A$2:$A$24=$A21) * (정량지표상세!$B$2:$B$24=I$2), 0))), SUMIFS(정량지표상세!$C$2:$C$24, 정량지표상세!$A$2:$A$24, $A21, 정량지표상세!$B$2:$B$24, I$2), INDEX(정량지표상세!$C$2:$C$24, MATCH(1, (정량지표상세!$A$2:$A$24=$A21) * (정량지표상세!$B$2:$B$24=I$2), 0))),"")} | J21: {=IFERROR(IF(ISNUMBER(INDEX(정량지표상세!$C$2:$C$24, MATCH(1, (정량지표상세!$A$2:$A$24=$A21) * (정량지표상세!$B$2:$B$24=J$2), 0))), SUMIFS(정량지표상세!$C$2:$C$24, 정량지표상세!$A$2:$A$24, $A21, 정량지표상세!$B$2:$B$24, J$2), INDEX(정량지표상세!$C$2:$C$24, MATCH(1, (정량지표상세!$A$2:$A$24=$A21) * (정량지표상세!$B$2:$B$24=J$2), 0))),"")} | K21: =IF(E21="","", IF(ISNUMBER(E21), IF(N(H21)/E21>=1,"달성","미달성"), IF(E21=H21,"달성","미달성") ) ) | L21: =IF(F21="","", IF(ISNUMBER(F21), IF(N(I21)/F21>=1,"달성","미달성"), IF(F21=I21,"달성","미달성") ) ) | M21: =IF(G21="","", IF(ISNUMBER(G21), IF(N(J21)/G21>=1,"달성","미달성"), IF(G21=J21,"달성","미달성") ) )
H22: {=IFERROR(IF(ISNUMBER(INDEX(정량지표상세!$C$2:$C$24, MATCH(1, (정량지표상세!$A$2:$A$24=$A22) * (정량지표상세!$B$2:$B$24=H$2), 0))), SUMIFS(정량지표상세!$C$2:$C$24, 정량지표상세!$A$2:$A$24, $A22, 정량지표상세!$B$2:$B$24, H$2), INDEX(정량지표상세!$C$2:$C$24, MATCH(1, (정량지표상세!$A$2:$A$24=$A22) * (정량지표상세!$B$2:$B$24=H$2), 0))),"")} | I22: {=IFERROR(IF(ISNUMBER(INDEX(정량지표상세!$C$2:$C$24, MATCH(1, (정량지표상세!$A$2:$A$24=$A22) * (정량지표상세!$B$2:$B$24=I$2), 0))), SUMIFS(정량지표상세!$C$2:$C$24, 정량지표상세!$A$2:$A$24, $A22, 정량지표상세!$B$2:$B$24, I$2), INDEX(정량지표상세!$C$2:$C$24, MATCH(1, (정량지표상세!$A$2:$A$24=$A22) * (정량지표상세!$B$2:$B$24=I$2), 0))),"")} | J22: {=IFERROR(IF(ISNUMBER(INDEX(정량지표상세!$C$2:$C$24, MATCH(1, (정량지표상세!$A$2:$A$24=$A22) * (정량지표상세!$B$2:$B$24=J$2), 0))), SUMIFS(정량지표상세!$C$2:$C$24, 정량지표상세!$A$2:$A$24, $A22, 정량지표상세!$B$2:$B$24, J$2), INDEX(정량지표상세!$C$2:$C$24, MATCH(1, (정량지표상세!$A$2:$A$24=$A22) * (정량지표상세!$B$2:$B$24=J$2), 0))),"")} | K22: =IF(E22="","", IF(ISNUMBER(E22), IF(N(H22)/E22>=1,"달성","미달성"), IF(E22=H22,"달성","미달성") ) ) | L22: =IF(F22="","", IF(ISNUMBER(F22), IF(N(I22)/F22>=1,"달성","미달성"), IF(F22=I22,"달성","미달성") ) ) | M22: =IF(G22="","", IF(ISNUMBER(G22), IF(N(J22)/G22>=1,"달성","미달성"), IF(G22=J22,"달성","미달성") ) )
H23: {=IFERROR(IF(ISNUMBER(INDEX(정량지표상세!$C$2:$C$24, MATCH(1, (정량지표상세!$A$2:$A$24=$A23) * (정량지표상세!$B$2:$B$24=H$2), 0))), SUMIFS(정량지표상세!$C$2:$C$24, 정량지표상세!$A$2:$A$24, $A23, 정량지표상세!$B$2:$B$24, H$2), INDEX(정량지표상세!$C$2:$C$24, MATCH(1, (정량지표상세!$A$2:$A$24=$A23) * (정량지표상세!$B$2:$B$24=H$2), 0))),"")} | I23: {=IFERROR(IF(ISNUMBER(INDEX(정량지표상세!$C$2:$C$24, MATCH(1, (정량지표상세!$A$2:$A$24=$A23) * (정량지표상세!$B$2:$B$24=I$2), 0))), SUMIFS(정량지표상세!$C$2:$C$24, 정량지표상세!$A$2:$A$24, $A23, 정량지표상세!$B$2:$B$24, I$2), INDEX(정량지표상세!$C$2:$C$24, MATCH(1, (정량지표상세!$A$2:$A$24=$A23) * (정량지표상세!$B$2:$B$24=I$2), 0))),"")} | J23: {=IFERROR(IF(ISNUMBER(INDEX(정량지표상세!$C$2:$C$24, MATCH(1, (정량지표상세!$A$2:$A$24=$A23) * (정량지표상세!$B$2:$B$24=J$2), 0))), SUMIFS(정량지표상세!$C$2:$C$24, 정량지표상세!$A$2:$A$24, $A23, 정량지표상세!$B$2:$B$24, J$2), INDEX(정량지표상세!$C$2:$C$24, MATCH(1, (정량지표상세!$A$2:$A$24=$A23) * (정량지표상세!$B$2:$B$24=J$2), 0))),"")} | K23: =IF(E23="","", IF(ISNUMBER(E23), IF(N(H23)/E23>=1,"달성","미달성"), IF(E23=H23,"달성","미달성") ) ) | L23: =IF(F23="","", IF(ISNUMBER(F23), IF(N(I23)/F23>=1,"달성","미달성"), IF(F23=I23,"달성","미달성") ) ) | M23: =IF(G23="","", IF(ISNUMBER(G23), IF(N(J23)/G23>=1,"달성","미달성"), IF(G23=J23,"달성","미달성") ) )
H24: {=IFERROR(IF(ISNUMBER(INDEX(정량지표상세!$C$2:$C$24, MATCH(1, (정량지표상세!$A$2:$A$24=$A24) * (정량지표상세!$B$2:$B$24=H$2), 0))), SUMIFS(정량지표상세!$C$2:$C$24, 정량지표상세!$A$2:$A$24, $A24, 정량지표상세!$B$2:$B$24, H$2), INDEX(정량지표상세!$C$2:$C$24, MATCH(1, (정량지표상세!$A$2:$A$24=$A24) * (정량지표상세!$B$2:$B$24=H$2), 0))),"")} | I24: {=IFERROR(IF(ISNUMBER(INDEX(정량지표상세!$C$2:$C$24, MATCH(1, (정량지표상세!$A$2:$A$24=$A24) * (정량지표상세!$B$2:$B$24=I$2), 0))), SUMIFS(정량지표상세!$C$2:$C$24, 정량지표상세!$A$2:$A$24, $A24, 정량지표상세!$B$2:$B$24, I$2), INDEX(정량지표상세!$C$2:$C$24, MATCH(1, (정량지표상세!$A$2:$A$24=$A24) * (정량지표상세!$B$2:$B$24=I$2), 0))),"")} | J24: {=IFERROR(IF(ISNUMBER(INDEX(정량지표상세!$C$2:$C$24, MATCH(1, (정량지표상세!$A$2:$A$24=$A24) * (정량지표상세!$B$2:$B$24=J$2), 0))), SUMIFS(정량지표상세!$C$2:$C$24, 정량지표상세!$A$2:$A$24, $A24, 정량지표상세!$B$2:$B$24, J$2), INDEX(정량지표상세!$C$2:$C$24, MATCH(1, (정량지표상세!$A$2:$A$24=$A24) * (정량지표상세!$B$2:$B$24=J$2), 0))),"")} | K24: =IF(E24="","", IF(ISNUMBER(E24), IF(N(H24)/E24>=1,"달성","미달성"), IF(E24=H24,"달성","미달성") ) ) | L24: =IF(F24="","", IF(ISNUMBER(F24), IF(N(I24)/F24>=1,"달성","미달성"), IF(F24=I24,"달성","미달성") ) ) | M24: =IF(G24="","", IF(ISNUMBER(G24), IF(N(J24)/G24>=1,"달성","미달성"), IF(G24=J24,"달성","미달성") ) )
H25: {=IFERROR(IF(ISNUMBER(INDEX(정량지표상세!$C$2:$C$24, MATCH(1, (정량지표상세!$A$2:$A$24=$A25) * (정량지표상세!$B$2:$B$24=H$2), 0))), SUMIFS(정량지표상세!$C$2:$C$24, 정량지표상세!$A$2:$A$24, $A25, 정량지표상세!$B$2:$B$24, H$2), INDEX(정량지표상세!$C$2:$C$24, MATCH(1, (정량지표상세!$A$2:$A$24=$A25) * (정량지표상세!$B$2:$B$24=H$2), 0))),"")} | I25: {=IFERROR(IF(ISNUMBER(INDEX(정량지표상세!$C$2:$C$24, MATCH(1, (정량지표상세!$A$2:$A$24=$A25) * (정량지표상세!$B$2:$B$24=I$2), 0))), SUMIFS(정량지표상세!$C$2:$C$24, 정량지표상세!$A$2:$A$24, $A25, 정량지표상세!$B$2:$B$24, I$2), INDEX(정량지표상세!$C$2:$C$24, MATCH(1, (정량지표상세!$A$2:$A$24=$A25) * (정량지표상세!$B$2:$B$24=I$2), 0))),"")} | J25: {=IFERROR(IF(ISNUMBER(INDEX(정량지표상세!$C$2:$C$24, MATCH(1, (정량지표상세!$A$2:$A$24=$A25) * (정량지표상세!$B$2:$B$24=J$2), 0))), SUMIFS(정량지표상세!$C$2:$C$24, 정량지표상세!$A$2:$A$24, $A25, 정량지표상세!$B$2:$B$24, J$2), INDEX(정량지표상세!$C$2:$C$24, MATCH(1, (정량지표상세!$A$2:$A$24=$A25) * (정량지표상세!$B$2:$B$24=J$2), 0))),"")} | K25: =IF(E25="","", IF(ISNUMBER(E25), IF(N(H25)/E25>=1,"달성","미달성"), IF(E25=H25,"달성","미달성") ) ) | L25: =IF(F25="","", IF(ISNUMBER(F25), IF(N(I25)/F25>=1,"달성","미달성"), IF(F25=I25,"달성","미달성") ) ) | M25: =IF(G25="","", IF(ISNUMBER(G25), IF(N(J25)/G25>=1,"달성","미달성"), IF(G25=J25,"달성","미달성") ) )
... H30: {=IFERROR(IF(ISNUMBER(INDEX(정량지표상세!$C$2:$C$24, MATCH(1, (정량지표상세!$A$2:$A$24=$A30) * (정량지표상세!$B$2:$B$24=H$2), 0))), SUMIFS(정량지표상세!$C$2:$C$24, 정량지표상세!$A$2:$A$24, $A30, 정량지표상세!$B$2:$B$24, H$2), INDEX(정량지표상세!$C$2:$C$24, MATCH(1, (정량지표상세!$A$2:$A$24=$A30) * (정량지표상세!$B$2:$B$24=H$2), 0))),"")} | I30: {=IFERROR(IF(ISNUMBER(INDEX(정량지표상세!$C$2:$C$24, MATCH(1, (정량지표상세!$A$2:$A$24=$A30) * (정량지표상세!$B$2:$B$24=I$2), 0))), SUMIFS(정량지표상세!$C$2:$C$24, 정량지표상세!$A$2:$A$24, $A30, 정량지표상세!$B$2:$B$24, I$2), INDEX(정량지표상세!$C$2:$C$24, MATCH(1, (정량지표상세!$A$2:$A$24=$A30) * (정량지표상세!$B$2:$B$24=I$2), 0))),"")} | J30: {=IFERROR(IF(ISNUMBER(INDEX(정량지표상세!$C$2:$C$24, MATCH(1, (정량지표상세!$A$2:$A$24=$A30) * (정량지표상세!$B$2:$B$24=J$2), 0))), SUMIFS(정량지표상세!$C$2:$C$24, 정량지표상세!$A$2:$A$24, $A30, 정량지표상세!$B$2:$B$24, J$2), INDEX(정량지표상세!$C$2:$C$24, MATCH(1, (정량지표상세!$A$2:$A$24=$A30) * (정량지표상세!$B$2:$B$24=J$2), 0))),"")} | K30: =IF(E30="","", IF(ISNUMBER(E30), IF(N(H30)/E30>=1,"달성","미달성"), IF(E30=H30,"달성","미달성") ) ) | L30: =IF(F30="","", IF(ISNUMBER(F30), IF(N(I30)/F30>=1,"달성","미달성"), IF(F30=I30,"달성","미달성") ) ) | M30: =IF(G30="","", IF(ISNUMBER(G30), IF(N(J30)/G30>=1,"달성","미달성"), IF(G30=J30,"달성","미달성") ) )
A31: 합계 | D31: =SUM(D3:D30) -> 100 | K31: =IF(E31="","", IF(ISNUMBER(E31), IF(N(H31)/E31>=1,"달성","미달성"), IF(E31=H31,"달성","미달성") ) ) | M31: =IF(G31="","", IF(ISNUMBER(G31), IF(N(J31)/G31>=1,"달성","미달성"), IF(G31=J31,"달성","미달성") ) )

Sheet 정량지표상세
A1: 정량지표 명 | B1: 단계-연차 | C1: 달성 | D1: 기관명
A2: 실증 자료 활용 국내 인증 신청/인증 | B2: 0단계 2연차 | C2: 1 | D2: 뉴로핏 주식회사
A3: 실증 자료 활용 일본 인증 신청/인증 | B3: 0단계 2연차 | C3: 1 | D3: 뉴로핏 주식회사
A4: 실증 자료 활용 미국 인증 신청/인증 | B4: 0단계 3연차 | C4: 1 | D4: 뉴로핏 주식회사
A5: 신규고용 | B5: 0단계 1연차 | C5: 2 | D5: 뉴로핏 주식회사
A6: 신규고용 | B6: 0단계 2연차 | C6: 1 | D6: 뉴로핏 주식회사
A7: 국내매출 | B7: 0단계 2연차 | C7: 370 | D7: 뉴로핏 주식회사
