Workbook

Sheet 개요
A1: 유형
A2: 부처
A3: 전문기관
A4: 사업명 | Z4: =개요!M19*0.4 -> 0
A5: 과제명
A6: 과제번호
A7: 주관/공동(책임자)
A8: 총 수행기간
A9: 당해기간
A10: 당해기간(개월)
A11: 시스템
A12: 사사문구
A13: 공고일
A14: 비 고
A16: 단계-연차 | B16: 시작일 | C16: 종료일 | D16: 개월 수 | E16: 계속비 (현금) | F16: 정부지원금 (현금) | G16: 지방비 (현금) | H16: 민간부담금 (현금) | I16: 민간부담금 (현물) | J16: 총 민간부담금 | K16: 총 현금 | L16: 총 현물 | M16: 총 사업비 | N16: 타기관 | O16: 기술료
D17: =IF(B17="","",DATEDIF(B17,C17,"m")+1) | E17: {=SUMPRODUCT( (#REF! = $K17) * ISNUMBER(MATCH(#REF!, {"인건비","연구활동비","연구재료비","연구시설장비비","연구수당"}, 0)) *#REF! )} -> #REF! | J17: =H17+I17 -> 0 | K17: =SUM(F17,G17,H17) -> 0 | L17: =I17 -> 0 | M17: =K17+L17 -> 0
D18: =IF(B18="","",DATEDIF(B18,C18,"m")+1) | E18: {=SUMPRODUCT( (#REF! = $K18) * ISNUMBER(MATCH(#REF!, {"인건비","연구활동비","연구재료비","연구시설장비비","연구수당"}, 0)) *#REF! )} -> #REF! | J18: =H18+I18 -> 0 | K18: =SUM(F18,G18,H18) -> 0 | L18: =I18 -> 0 | M18: =K18+L18 -> 0
D19: =IF(B19="","",DATEDIF(B19,C19,"m")+1) | E19: {=SUMPRODUCT( (#REF! = $K19) * ISNUMBER(MATCH(#REF!, {"인건비","연구활동비","연구재료비","연구시설장비비","연구수당"}, 0)) *#REF! )} -> #REF! | J19: =H19+I19 -> 0 | K19: =SUM(F19,G19,H19) -> 0 | L19: =I19 -> 0 | M19: =K19+L19 -> 0
D20: =IF(B20="","",DATEDIF(B20,C20,"m")+1) | E20: {=SUMPRODUCT( (#REF! = $K20) * ISNUMBER(MATCH(#REF!, {"인건비","연구활동비","연구재료비","연구시설장비비","연구수당"}, 0)) *#REF! )} -> #REF! | J20: =H20+I20 -> 0 | K20: =SUM(F20,G20,H20) -> 0 | L20: =I20 -> 0 | M20: =K20+L20 -> 0
D21: =IF(B21="","",DATEDIF(B21,C21,"m")+1) | E21: {=SUMPRODUCT( (#REF! = $K21) * ISNUMBER(MATCH(#REF!, {"인건비","연구활동비","연구재료비","연구시설장비비","연구수당"}, 0)) *#REF! )} -> #REF! | J21: =H21+I21 -> 0 | K21: =SUM(F21,G21,H21) -> 0 | L21: =I21 -> 0 | M21: =K21+L21 -> 0
A22: 총합 | D22: =SUM(D17:D21) -> 0 | E22: {=SUMPRODUCT( (#REF! = $K22) * ISNUMBER(MATCH(#REF!, {"인건비","연구활동비","연구재료비","연구시설장비비","연구수당"}, 0)) *#REF! )} -> #REF! | F22: =SUM(F17:F21) -> 0 | G22: =SUM(G17:G21) -> 0 | H22: =SUM(H17:H21) -> 0 | I22: =SUM(I17:I21) -> 0 | J22: =SUM(J17:J21) -> 0 | K22: =SUM(K17:K21) -> 0 | L22: =SUM(L17:L21) -> 0 | M22: =SUM(M17:M21) -> 0 | ... O22: =SUM(O17:O21) -> 0

Sheet 마일스톤
D1: 계획 | F1: 실행
A2: 일련번호 | B2: 개발내용 | C2: 연차 | D2: 시작일 | E2: 종료일 | F2: 시작일 | G2: 종료일
A3: =IF(B3<>"",SUBTOTAL(3,$B$3:B3),"")
A4: =IF(B4<>"",SUBTOTAL(3,$B$3:B4),"")
A5: =IF(B5<>"",SUBTOTAL(3,$B$3:B5),"")
A6: =IF(B6<>"",SUBTOTAL(3,$B$3:B6),"")
A7: =IF(B7<>"",SUBTOTAL(3,$B$3:B7),"")
A8: =IF(B8<>"",SUBTOTAL(3,$B$3:B8),"")
A9: =IF(B9<>"",SUBTOTAL(3,$B$3:B9),"")
A10: =IF(B10<>"",SUBTOTAL(3,$B$3:B10),"")
A11: =IF(B11<>"",SUBTOTAL(3,$B$3:B11),"")
A12: =IF(B12<>"",SUBTOTAL(3,$B$3:B12),"")
A13: =IF(B13<>"",SUBTOTAL(3,$B$3:B13),"")
A14: =IF(B14<>"",SUBTOTAL(3,$B$3:B14),"")
... A50: =IF(B50<>"",SUBTOTAL(3,$B$3:B50),"")

Sheet 정량지표
A1: 정량지표 명(주요성능 spec 등) | B1: 확인지표 | C1: 지표단위 | D1: 가중치 | E1: 목표 | H1: 달성 | K1: 연차별 연구개발 달성률
E2: 0단계 1연차 | F2: 0단계 2연차 | G2: 0단계 3연차 | H2: 0단계 1연차 | I2: 0단계 2연차 | J2: 0단계 3연차 | K2: 0단계 1연차 | L2: 0단계 2연차 | M2: 0단계 3연차
H3: {=IFERROR(IF(ISNUMBER(INDEX(정량지표상세!$C$2:$C$24, MATCH(1, (정량지표상세!$A$2:$A$24=$A3) * (정량지표상세!$B$2:$B$24=H$2), 0))), SUMIFS(정량지표상세!$C$2:$C$24, 정량지표상세!$A$2:$A$24, $A3, 정량지표상세!$B$2:$B$24, H$2), INDEX(정량지표상세!$C$2:$C$24, MATCH(1, (정량지표상세!$A$2:$A$24=$A3) * (정량지표상세!$B$2:$B$24=H$2), 0))),"")} | I3: {=IFERROR(IF(ISNUMBER(INDEX(정량지표상세!$C$2:$C$24, MATCH(1, (정량지표상세!$A$2:$A$24=$A3) * (정량지표상세!$B$2:$B$24=I$2), 0))), SUMIFS(정량지표상세!$C$2:$C$24, 정량지표상세!$A$2:$A$24, $A3, 정량지표상세!$B$2:$B$24, I$2), INDEX(정량지표상세!$C$2:$C$24, MATCH(1, (정량지표상세!$A$2:$A$24=$A3) * (정량지표상세!$B$2:$B$24=I$2), 0))),"")} | J3: {=IFERROR(IF(ISNUMBER(INDEX(정량지표상세!$C$2:$C$24, MATCH(1, (정량지표상세!$A$2:$A$24=$A3) * (정량지표상세!$B$2:$B$24=J$2), 0))), SUMIFS(정량지표상세!$C$2:$C$24, 정량지표상세!$A$2:$A$24, $A3, 정량지표상세!$B$2:$B$24, J$2), INDEX(정량지표상세!$C$2:$C$24, MATCH(1, (정량지표상세!$A$2:$A$24=$A3) * (정량지표상세!$B$2:$B$24=J$2), 0))),"")} | K3: =IF(E3="","", IF(ISNUMBER(E3), IF(N(H3)/E3>=1,"달성","미달성"), IF(E3=H3,"달성","미달성") ) ) | L3: =IF(F3="","", IF(ISNUMBER(F3), IF(N(I3)/F3>=1,"달성","미달성"), IF(F3=I3,"달성","미달성") ) ) | M3: =IF(G3="","", IF(ISNUMBER(G3), IF(N(J3)/G3>=1,"달성","미달성"), IF(G3=J3,"달성","미달성") ) )
H4: {=IFERROR(IF(ISNUMBER(INDEX(정량지표상세!$C$2:$C$24, MATCH(1, (정량지표상세!$A$2:$A$24=$A4) * (정량지표상세!$B$2:$B$24=H$2), 0))), SUMIFS(정량지표상세!$C$2:$C$24, 정량지표상세!$A$2:$A$24, $A4, 정량지표상세!$B$2:$B$24, H$2), INDEX(정량지표상세!$C$2:$C$24, MATCH(1, (정량지표상세!$A$2:$A$24=$A4) * (정량지표상세!$B$2:$B$24=H$2), 0))),"")} | I4: {=IFERROR(IF(ISNUMBER(INDEX(정량지표상세!$C$2:$C$24, MATCH(1, (정량지표상세!$A$2:$A$24=$A4) * (정량지표상세!$B$2:$B$24=I$2), 0))), SUMIFS(정량지표상세!$C$2:$C$24, 정량지표상세!$A$2:$A$24, $A4, 정량지표상세!$B$2:$B$24, I$2), INDEX(정량지표상세!$C$2:$C$24, MATCH(1, (정량지표상세!$A$2:$A$24=$A4) * (정량지표상세!$B$2:$B$24=I$2), 0))),"")} | J4: {=IFERROR(IF(ISNUMBER(INDEX(정량지표상세!$C$2:$C$24, MATCH(1, (정량지표상세!$A$2:$A$24=$A4) * (정량지표상세!$B$2:$B$24=J$2), 0))), SUMIFS(정량지표상세!$C$2:$C$24, 정량지표상세!$A$2:$A$24, $A4, 정량지표상세!$B$2:$B$24, J$2), INDEX(정량지표상세!$C$2:$C$24, MATCH(1, (정량지표상세!$A$2:$A$24=$A4) * (정량지표상세!$B$2:$B$24=J$2), 0))),"")} | K4: =IF(E4="","", IF(ISNUMBER(E4), IF(N(H4)/E4>=1,"달성","미달성"), IF(E4=H4,"달성","미달성") ) ) | L4: =IF(F4="","", IF(ISNUMBER(F4), IF(N(I4)/F4>=1,"달성","미달성"), IF(F4=I4,"달성","미달성") ) ) | M4: =IF(G4="","", IF(ISNUMBER(G4), IF(N(J4)/G4>=1,"달성","미달성"), IF(G4=J4,"달성","미달성") ) )
H5: {=IFERROR(IF(ISNUMBER(INDEX(정량지표상세!$C$2:$C$24, MATCH(1, (정량지표상세!$A$2:$A$24=$A5) * (정량지표상세!$B$2:$B$24=H$2), 0))), SUMIFS(정량지표상세!$C$2:$C$24, 정량지표상세!$A$2:$A$24, $A5, 정량지표상세!$B$2:$B$24, H$2), INDEX(정량지표상세!$C$2:$C$24, MATCH(1, (정량지표상세!$A$2:$A$24=$A5) * (정량지표상세!$B$2:$B$24=H$2), 0))),"")} | I5: {=IFERROR(IF(ISNUMBER(INDEX(정량지표상세!$C$2:$C$24, MATCH(1, (정량지표상세!$A$2:$A$24=$A5) * (정량지표상세!$B$2:$B$24=I$2), 0))), SUMIFS(정량지표상세!$C$2:$C$24, 정량지표상세!$A$2:$A$24, $A5, 정량지표상세!$B$2:$B$24, I$2), INDEX(정량지표상세!$C$2:$C$24, MATCH(1, (정량지표상세!$A$2:$A$24=$A5) * (정량지표상세!$B$2:$B$24=I$2), 0))),"")} | J5: {=IFERROR(IF(ISNUMBER(INDEX(정량지표상세!$C$2:$C$24, MATCH(1, (정량지표상세!$A$2:$A$24=$A5) * (정량지표상세!$B$2:$B$24=J$2), 0))), SUMIFS(정량지표상세!$C$2:$C$24, 정량지표상세!$A$2:$A$24, $A5, 정량지표상세!$B$2:$B$24, J$2), INDEX(정량지표상세!$C$2:$C$24, MATCH(1, (정량지표상세!$A$2:$A$24=$A5) * (정량지표상세!$B$2:$B$24=J$2), 0))),"")} | K5: =IF(E5="","", IF(ISNUMBER(E5), IF(N(H5)/E5>=1,"달성","미달성"), IF(E5=H5,"달성","미달성") ) ) | L5: =IF(F5="","", IF(ISNUMBER(F5), IF(N(I5)/F5>=1,"달성","미달성"), IF(F5=I5,"달성","미달성") ) ) | M5: =IF(G5="","", IF(ISNUMBER(G5), IF(N(J5)/G5>=1,"달성","미달성"), IF(G5=J5,"달성","미달성") ) )
H6: {=IFERROR(IF(ISNUMBER(INDEX(정량지표상세!$C$2:$C$24, MATCH(1, (정량지표상세!$A$2:$A$24=$A6) * (정량지표상세!$B$2:$B$24=H$2), 0))), SUMIFS(정량지표상세!$C$2:$C$24, 정량지표상세!$A$2:$A$24, $A6, 정량지표상세!$B$2:$B$24, H$2), INDEX(정량지표상세!$C$2:$C$24, MATCH(1, (정량지표상세!$A$2:$A$24=$A6) * (정량지표상세!$B$2:$B$24=H$2), 0))),"")} | I6: {=IFERROR(IF(ISNUMBER(INDEX(정량지표상세!$C$2:$C$24, MATCH(1, (정량지표상세!$A$2:$A$24=$A6) * (정량지표상세!$B$2:$B$24=I$2), 0))), SUMIFS(정량지표상세!$C$2:$C$24, 정량지표상세!$A$2:$A$24, $A6, 정량지표상세!$B$2:$B$24, I$2), INDEX(정량지표상세!$C$2:$C$24, MATCH(1, (정량지표상세!$A$2:$A$24=$A6) * (정량지표상세!$B$2:$B$24=I$2), 0))),"")} | J6: {=IFERROR(IF(ISNUMBER(INDEX(정량지표상세!$C$2:$C$24, MATCH(1, (정량지표상세!$A$2:$A$24=$A6) * (정량지표상세!$B$2:$B$24=J$2), 0))), SUMIFS(정량지표상세!$C$2:$C$24, 정량지표상세!$A$2:$A$24, $A6, 정량지표상세!$B$2:$B$24, J$2), INDEX(정량지표상세!$C$2:$C$24, MATCH(1, (정량지표상세!$A$2:$A$24=$A6) * (정량지표상세!$B$2:$B$24=J$2), 0))),"")} | K6: =IF(E6="","", IF(ISNUMBER(E6), IF(N(H6)/E6>=1,"달성","미달성"), IF(E6=H6,"달성","미달성") ) ) | L6: =IF(F6="","", IF(ISNUMBER(F6), IF(N(I6)/F6>=1,"달성","미달성"), IF(F6=I6,"달성","미달성") ) ) | M6: =IF(G6="","", IF(ISNUMBER(G6), IF(N(J6)/G6>=1,"달성","미달성"), IF(G6=J6,"달성","미달성") ) )
H7: {=IFERROR(IF(ISNUMBER(INDEX(정량지표상세!$C$2:$C$24, MATCH(1, (정량지표상세!$A$2:$A$24=$A7) * (정량지표상세!$B$2:$B$24=H$2), 0))), SUMIFS(정량지표상세!$C$2:$C$24, 정량지표상세!$A$2:$A$24, $A7, 정량지표상세!$B$2:$B$24, H$2), INDEX(정량지표상세!$C$2:$C$24, MATCH(1, (정량지표상세!$A$2:$A$24=$A7) * (정량지표상세!$B$2:$B$24=H$2), 0))),"")} | I7: {=IFERROR(IF(ISNUMBER(INDEX(정량지표상세!$C$2:$C$24, MATCH(1, (정량지표상세!$A$2:$A$24=$A7) * (정량지표상세!$B$2:$B$24=I$2), 0))), SUMIFS(정량지표상세!$C$2:$C$24, 정량지표상세!$A$2:$A$24, $A7, 정량지표상세!$B$2:$B$24, I$2), INDEX(정량지표상세!$C$2:$C$24, MATCH(1, (정량지표상세!$A$2:$A$24=$A7) * (정량지표상세!$B$2:$B$24=I$2), 0))),"")} | J7: {=IFERROR(IF(ISNUMBER(INDEX(정량지표상세!$C$2:$C$24, MATCH(1, (정량지표상세!$A$2:$A$24=$A7) * (정량지표상세!$B$2:$B$24=J$2), 0))), SUMIFS(정량지표상세!$C$2:$C$24, 정량지표상세!$A$2:$A$24, $A7, 정량지표상세!$B$2:$B$24, J$2), INDEX(정량지표상세!$C$2:$C$24, MATCH(1, (정량지표상세!$A$2:$A$24=$A7) * (정량지표상세!$B$2:$B$24=J$2), 0))),"")} | K7: =IF(E7="","", IF(ISNUMBER(E7), IF(N(H7)/E7>=1,"달성","미달성"), IF(E7=H7,"달성","미달성") ) ) | L7: =IF(F7="","", IF(ISNUMBER(F7), IF(N(I7)/F7>=1,"달성","미달성"), IF(F7=I7,"달성","미달성") ) ) | M7: =IF(G7="","", IF(ISNUMBER(G7), IF(N(J7)/G7>=1,"달성","미달성"), IF(G7=J7,"달성","미달성") ) )
H8: {=IFERROR(IF(ISNUMBER(INDEX(정량지표상세!$C$2:$C$24, MATCH(1, (정량지표상세!$A$2:$A$24=$A8) * (정량지표상세!$B$2:$B$24=H$2), 0))), SUMIFS(정량지표상세!$C$2:$C$24, 정량지표상세!$A$2:$A$24, $A8, 정량지표상세!$B$2:$B$24, H$2), INDEX(정량지표상세!$C$2:$C$24, MATCH(1, (정량지표상세!$A$2:$A$24=$A8) * (정량지표상세!$B$2:$B$24=H$2), 0))),"")} | I8: {=IFERROR(IF(ISNUMBER(INDEX(정량지표상세!$C$2:$C$24, MATCH(1, (정량지표상세!$A$2:$A$24=$A8) * (정량지표상세!$B$2:$B$24=I$2), 0))), SUMIFS(정량지표상세!$C$2:$C$24, 정량지표상세!$A$2:$A$24, $A8, 정량지표상세!$B$2:$B$24, I$2), INDEX(정량지표상세!$C$2:$C$24, MATCH(1, (정량지표상세!$A$2:$A$24=$A8) * (정량지표상세!$B$2:$B$24=I$2), 0))),"")} | J8: {=IFERROR(IF(ISNUMBER(INDEX(정량지표상세!$C$2:$C$24, MATCH(1, (정량지표상세!$A$2:$A$24=$A8) * (정량지표상세!$B$2:$B$24=J$2), 0))), SUMIFS(정량지표상세!$C$2:$C$24, 정량지표상세!$A$2:$A$24, $A8, 정량지표상세!$B$2:$B$24, J$2), INDEX(정량지표상세!$C$2:$C$24, MATCH(1, (정량지표상세!$A$2:$A$24=$A8) * (정량지표상세!$B$2:$B$24=J$2), 0))),"")} | K8: =IF(E8="","", IF(ISNUMBER(E8), IF(N(H8)/E8>=1,"달성","미달성"), IF(E8=H8,"달성","미달성") ) ) | L8: =IF(F8="","", IF(ISNUMBER(F8), IF(N(I8)/F8>=1,"달성","미달성"), IF(F8=I8,"달성","미달성") ) ) | M8: =IF(G8="","", IF(ISNUMBER(G8), IF(N(J8)/G8>=1,"달성","미달성"), IF(G8=J8,"달성","미달성") ) )
H9: {=IFERROR(IF(ISNUMBER(INDEX(정량지표상세!$C$2:$C$24, MATCH(1, (정량지표상세!$A$2:$A$24=$A9) * (정량지표상세!$B$2:$B$24=H$2), 0))), SUMIFS(정량지표상세!$C$2:$C$24, 정량지표상세!$A$2:$A$24, $A9, 정량지표상세!$B$2:$B$24, H$2), INDEX(정량지표상세!$C$2:$C$24, MATCH(1, (정량지표상세!$A$2:$A$24=$A9) * (정량지표상세!$B$2:$B$24=H$2), 0))),"")} | I9: {=IFERROR(IF(ISNUMBER(INDEX(정량지표상세!$C$2:$C$24, MATCH(1, (정량지표상세!$A$2:$A$24=$A9) * (정량지표상세!$B$2:$B$24=I$2), 0))), SUMIFS(정량지표상세!$C$2:$C$24, 정량지표상세!$A$2:$A$24, $A9, 정량지표상세!$B$2:$B$24, I$2), INDEX(정량지표상세!$C$2:$C$24, MATCH(1, (정량지표상세!$A$2:$A$24=$A9) * (정량지표상세!$B$2:$B$24=I$2), 0))),"")} | J9: {=IFERROR(IF(ISNUMBER(INDEX(정량지표상세!$C$2:$C$24, MATCH(1, (정량지표상세!$A$2:$A$24=$A9) * (정량지표상세!$B$2:$B$24=J$2), 0))), SUMIFS(정량지표상세!$C$2:$C$24, 정량지표상세!$A$2:$A$24, $A9, 정량지표상세!$B$2:$B$24, J$2), INDEX(정량지표상세!$C$2:$C$24, MATCH(1, (정량지표상세!$A$2:$A$24=$A9) * (정량지표상세!$B$2:$B$24=J$2), 0))),"")} | K9: =IF(E9="","", IF(ISNUMBER(E9), IF(N(H9)/E9>=1,"달성","미달성"), IF(E9=H9,"달성","미달성") ) ) | L9: =IF(F9="","", IF(ISNUMBER(F9), IF(N(I9)/F9>=1,"달성","미달성"), IF(F9=I9,"달성","미달성") ) ) | M9: =IF(G9="","", IF(ISNUMBER(G9), IF(N(J9)/G9>=1,"달성","미달성"), IF(G9=J9,"달성","미달성") ) )
H10: {=IFERROR(IF(ISNUMBER(INDEX(정량지표상세!$C$2:$C$24, MATCH(1, (정량지표상세!$A$2:$A$24=$A10) * (정량지표상세!$B$2:$B$24=H$2), 0))), SUMIFS(정량지표상세!$C$2:$C$24, 정량지표상세!$A$2:$A$24, $A10, 정량지표상세!$B$2:$B$24, H$2), INDEX(정량지표상세!$C$2:$C$24, MATCH(1, (정량지표상세!$A$2:$A$24=$A10) * (정량지표상세!$B$2:$B$24=H$2), 0))),"")} | I10: {=IFERROR(IF(ISNUMBER(INDEX(정량지표상세!$C$2:$C$24, MATCH(1, (정량지표상세!$A$2:$A$24=$A10) * (정량지표상세!$B$2:$B$24=I$2), 0))), SUMIFS(정량지표상세!$C$2:$C$24, 정량지표상세!$A$2:$A$24, $A10, 정량지표상세!$B$2:$B$24, I$2), INDEX(정량지표상세!$C$2:$C$24, MATCH(1, (정량지표상세!$A$2:$A$24=$A10) * (정량지표상세!$B$2:$B$24=I$2), 0))),"")} | J10: {=IFERROR(IF(ISNUMBER(INDEX(정량지표상세!$C$2:$C$24, MATCH(1, (정량지표상세!$A$2:$A$24=$A10) * (정량지표상세!$B$2:$B$24=J$2), 0))), SUMIFS(정량지표상세!$C$2:$C$24, 정량지표상세!$A$2:$A$24, $A10, 정량지표상세!$B$2:$B$24, J$2), INDEX(정량지표상세!$C$2:$C$24, MATCH(1, (정량지표상세!$A$2:$A$24=$A10) * (정량지표상세!$B$2:$B$24=J$2), 0))),"")} | K10: =IF(E10="","", IF(ISNUMBER(E10), IF(N(H10)/E10>=1,"달성","미달성"), IF(E10=H10,"달성","미달성") ) ) | L10: =IF(F10="","", IF(ISNUMBER(F10), IF(N(I10)/F10>=1,"달성","미달성"), IF(F10=I10,"달성","미달성") ) ) | M10: =IF(G10="","", IF(ISNUMBER(G10), IF(N(J10)/G10>=1,"달성","미달성"), IF(G10=J10,"달성","미달성") ) )
H11: {=IFERROR(IF(ISNUMBER(INDEX(정량지표상세!$C$2:$C$24, MATCH(1, (정량지표상세!$A$2:$A$24=$A11) * (정량지표상세!$B$2:$B$24=H$2), 0))), SUMIFS(정량지표상세!$C$2:$C$24, 정량지표상세!$A$2:$A$24, $A11, 정량지표상세!$B$2:$B$24, H$2), INDEX(정량지표상세!$C$2:$C$24, MATCH(1, (정량지표상세!$A$2:$A$24=$A11) * (정량지표상세!$B$2:$B$24=H$2), 0))),"")} | I11: {=IFERROR(IF(ISNUMBER(INDEX(정량지표상세!$C$2:$C$24, MATCH(1, (정량지표상세!$A$2:$A$24=$A11) * (정량지표상세!$B$2:$B$24=I$2), 0))), SUMIFS(정량지표상세!$C$2:$C$24, 정량지표상세!$A$2:$A$24, $A11, 정량지표상세!$B$2:$B$24, I$2), INDEX(정량지표상세!$C$2:$C$24, MATCH(1, (정량지표상세!$A$2:$A$24=$A11) * (정량지표상세!$B$2:$B$24=I$2), 0))),"")} | J11: {=IFERROR(IF(ISNUMBER(INDEX(정량지표상세!$C$2:$C$24, MATCH(1, (정량지표상세!$A$2:$A$24=$A11) * (정량지표상세!$B$2:$B$24=J$2), 0))), SUMIFS(정량지표상세!$C$2:$C$24, 정량지표상세!$A$2:$A$24, $A11, 정량지표상세!$B$2:$B$24, J$2), INDEX(정량지표상세!$C$2:$C$24, MATCH(1, (정량지표상세!$A$2:$A$24=$A11) * (정량지표상세!$B$2:$B$24=J$2), 0))),"")} | K11: =IF(E11="","", IF(ISNUMBER(E11), IF(N(H11)/E11>=1,"달성","미달성"), IF(E11=H11,"달성","미달성") ) ) | L11: =IF(F11="","", IF(ISNUMBER(F11), IF(N(I11)/F11>=1,"달성","미달성"), IF(F11=I11,"달성","미달성") ) ) | M11: =IF(G11="","", IF(ISNUMBER(G11), IF(N(J11)/G11>=1,"달성","미달성"), IF(G11=J11,"달성","미달성") ) )
H12: {=IFERROR(IF(ISNUMBER(INDEX(정량지표상세!$C$2:$C$24, MATCH(1, (정량지표상세!$A$2:$A$24=$A12) * (정량지표상세!$B$2:$B$24=H$2), 0))), SUMIFS(정량지표상세!$C$2:$C$24, 정량지표상세!$A$2:$A$24, $A12, 정량지표상세!$B$2:$B$24, H$2), INDEX(정량지표상세!$C$2:$C$24, MATCH(1, (정량지표상세!$A$2:$A$24=$A12) * (정량지표상세!$B$2:$B$24=H$2), 0))),"")} | I12: {=IFERROR(IF(ISNUMBER(INDEX(정량지표상세!$C$2:$C$24, MATCH(1, (정량지표상세!$A$2:$A$24=$A12) * (정량지표상세!$B$2:$B$24=I$2), 0))), SUMIFS(정량지표상세!$C$2:$C$24, 정량지표상세!$A$2:$A$24, $A12, 정량지표상세!$B$2:$B$24, I$2), INDEX(정량지표상세!$C$2:$C$24, MATCH(1, (정량지표상세!$A$2:$A$24=$A12) * (정량지표상세!$B$2:$B$24=I$2), 0))),"")} | J12: {=IFERROR(IF(ISNUMBER(INDEX(정량지표상세!$C$2:$C$24, MATCH(1, (정량지표상세!$A$2:$A$24=$A12) * (정량지표상세!$B$2:$B$24=J$2), 0))), SUMIFS(정량지표상세!$C$2:$C$24, 정량지표상세!$A$2:$A$24, $A12, 정량지표상세!$B$2:$B$24, J$2), INDEX(정량지표상세!$C$2:$C$24, MATCH(1, (정량지표상세!$A$2:$A$24=$A12) * (정량지표상세!$B$2:$B$24=J$2), 0))),"")} | K12: =IF(E12="","", IF(ISNUMBER(E12), IF(N(H12)/E12>=1,"달성","미달성"), IF(E12=H12,"달성","미달성") ) ) | L12: =IF(F12="","", IF(ISNUMBER(F12), IF(N(I12)/F12>=1,"달성","미달성"), IF(F12=I12,"달성","미달성") ) ) | M12: =IF(G12="","", IF(ISNUMBER(G12), IF(N(J12)/G12>=1,"달성","미달성"), IF(G12=J12,"달성","미달성") ) )
H13: {=IFERROR(IF(ISNUMBER(INDEX(정량지표상세!$C$2:$C$24, MATCH(1, (정량지표상세!$A$2:$A$24=$A13) * (정량지표상세!$B$2:$B$24=H$2), 0))), SUMIFS(정량지표상세!$C$2:$C$24, 정량지표상세!$A$2:$A$24, $A13, 정량지표상세!$B$2:$B$24, H$2), INDEX(정량지표상세!$C$2:$C$24, MATCH(1, (정량지표상세!$A$2:$A$24=$A13) * (정량지표상세!$B$2:$B$24=H$2), 0))),"")} | I13: {=IFERROR(IF(ISNUMBER(INDEX(정량지표상세!$C$2:$C$24, MATCH(1, (정량지표상세!$A$2:$A$24=$A13) * (정량지표상세!$B$2:$B$24=I$2), 0))), SUMIFS(정량지표상세!$C$2:$C$24, 정량지표상세!$A$2:$A$24, $A13, 정량지표상세!$B$2:$B$24, I$2), INDEX(정량지표상세!$C$2:$C$24, MATCH(1, (정량지표상세!$A$2:$A$24=$A13) * (정량지표상세!$B$2:$B$24=I$2), 0))),"")} | J13: {=IFERROR(IF(ISNUMBER(INDEX(정량지표상세!$C$2:$C$24, MATCH(1, (정량지표상세!$A$2:$A$24=$A13) * (정량지표상세!$B$2:$B$24=J$2), 0))), SUMIFS(정량지표상세!$C$2:$C$24, 정량지표상세!$A$2:$A$24, $A13, 정량지표상세!$B$2:$B$24, J$2), INDEX(정량지표상세!$C$2:$C$24, MATCH(1, (정량지표상세!$A$2:$A$24=$A13) * (정량지표상세!$B$2:$B$24=J$2), 0))),"")} | K13: =IF(E13="","", IF(ISNUMBER(E13), IF(N(H13)/E13>=1,"달성","미달성"), IF(E13=H13,"달성","미달성") ) ) | L13: =IF(F13="","", IF(ISNUMBER(F13), IF(N(I13)/F13>=1,"달성","미달성"), IF(F13=I13,"달성","미달성") ) ) | M13: =IF(G13="","", IF(ISNUMBER(G13), IF(N(J13)/G13>=1,"달성","미달성"), IF(G13=J13,"달성","미달성") ) )
H14: {=IFERROR(IF(ISNUMBER(INDEX(정량지표상세!$C$2:$C$24, MATCH(1, (정량지표상세!$A$2:$A$24=$A14) * (정량지표상세!$B$2:$B$24=H$2), 0))), SUMIFS(정량지표상세!$C$2:$C$24, 정량지표상세!$A$2:$A$24, $A14, 정량지표상세!$B$2:$B$24, H$2), INDEX(정량지표상세!$C$2:$C$24, MATCH(1, (정량지표상세!$A$2:$A$24=$A14) * (정량지표상세!$B$2:$B$24=H$2), 0))),"")} | I14: {=IFERROR(IF(ISNUMBER(INDEX(정량지표상세!$C$2:$C$24, MATCH(1, (정량지표상세!$A$2:$A$24=$A14) * (정량지표상세!$B$2:$B$24=I$2), 0))), SUMIFS(정량지표상세!$C$2:$C$24, 정량지표상세!$A$2:$A$24, $A14, 정량지표상세!$B$2:$B$24, I$2), INDEX(정량지표상세!$C$2:$C$24, MATCH(1, (정량지표상세!$A$2:$A$24=$A14) * (정량지표상세!$B$2:$B$24=I$2), 0))),"")} | J14: {=IFERROR(IF(ISNUMBER(INDEX(정량지표상세!$C$2:$C$24, MATCH(1, (정량지표상세!$A$2:$A$24=$A14) * (정량지표상세!$B$2:$B$24=J$2), 0))), SUMIFS(정량지표상세!$C$2:$C$24, 정량지표상세!$A$2:$A$24, $A14, 정량지표상세!$B$2:$B$24, J$2), INDEX(정량지표상세!$C$2:$C$24, MATCH(1, (정량지표상세!$A$2:$A$24=$A14) * (정량지표상세!$B$2:$B$24=J$2), 0))),"")}
H15: {=IFERROR(IF(ISNUMBER(INDEX(정량지표상세!$C$2:$C$24, MATCH(1, (정량지표상세!$A$2:$A$24=$A15) * (정량지표상세!$B$2:$B$24=H$2), 0))), SUMIFS(정량지표상세!$C$2:$C$24, 정량지표상세!$A$2:$A$24, $A15, 정량지표상세!$B$2:$B$24, H$2), INDEX(정량지표상세!$C$2:$C$24, MATCH(1, (정량지표상세!$A$2:$A$24=$A15) * (정량지표상세!$B$2:$B$24=H$2), 0))),"")} | I15: {=IFERROR(IF(ISNUMBER(INDEX(정량지표상세!$C$2:$C$24, MATCH(1, (정량지표상세!$A$2:$A$24=$A15) * (정량지표상세!$B$2:$B$24=I$2), 0))), SUMIFS(정량지표상세!$C$2:$C$24, 정량지표상세!$A$2:$A$24, $A15, 정량지표상세!$B$2:$B$24, I$2), INDEX(정량지표상세!$C$2:$C$24, MATCH(1, (정량지표상세!$A$2:$A$24=$A15) * (정량지표상세!$B$2:$B$24=I$2), 0))),"")} | J15: {=IFERROR(IF(ISNUMBER(INDEX(정량지표상세!$C$2:$C$24, MATCH(1, (정량지표상세!$A$2:$A$24=$A15) * (정량지표상세!$B$2:$B$24=J$2), 0))), SUMIFS(정량지표상세!$C$2:$C$24, 정량지표상세!$A$2:$A$24, $A15, 정량지표상세!$B$2:$B$24, J$2), INDEX(정량지표상세!$C$2:$C$24, MATCH(1, (정량지표상세!$A$2:$A$24=$A15) * (정량지표상세!$B$2:$B$24=J$2), 0))),"")}
H16: {=IFERROR(IF(ISNUMBER(INDEX(정량지표상세!$C$2:$C$24, MATCH(1, (정량지표상세!$A$2:$A$24=$A16) * (정량지표상세!$B$2:$B$24=H$2), 0))), SUMIFS(정량지표상세!$C$2:$C$24, 정량지표상세!$A$2:$A$24, $A16, 정량지표상세!$B$2:$B$24, H$2), INDEX(정량지표상세!$C$2:$C$24, MATCH(1, (정량지표상세!$A$2:$A$24=$A16) * (정량지표상세!$B$2:$B$24=H$2), 0))),"")} | I16: {=IFERROR(IF(ISNUMBER(INDEX(정량지표상세!$C$2:$C$24, MATCH(1, (정량지표상세!$A$2:$A$24=$A16) * (정량지표상세!$B$2:$B$24=I$2), 0))), SUMIFS(정량지표상세!$C$2:$C$24, 정량지표상세!$A$2:$A$24, $A16, 정량지표상세!$B$2:$B$24, I$2), INDEX(정량지표상세!$C$2:$C$24, MATCH(1, (정량지표상세!$A$2:$A$24=$A16) * (정량지표상세!$B$2:$B$24=I$2), 0))),"")} | J16: {=IFERROR(IF(ISNUMBER(INDEX(정량지표상세!$C$2:$C$24, MATCH(1, (정량지표상세!$A$2:$A$24=$A16) * (정량지표상세!$B$2:$B$24=J$2), 0))), SUMIFS(정량지표상세!$C$2:$C$24, 정량지표상세!$A$2:$A$24, $A16, 정량지표상세!$B$2:$B$24, J$2), INDEX(정량지표상세!$C$2:$C$24, MATCH(1, (정량지표상세!$A$2:$A$24=$A16) * (정량지표상세!$B$2:$B$24=J$2), 0))),"")}
H17: {=IFERROR(IF(ISNUMBER(INDEX(정량지표상세!$C$2:$C$24, MATCH(1, (정량지표상세!$A$2:$A$24=$A17) * (정량지표상세!$B$2:$B$24=H$2), 0))), SUMIFS(정량지표상세!$C$2:$C$24, 정량지표상세!$A$2:$A$24, $A17, 정량지표상세!$B$2:$B$24, H$2), INDEX(정량지표상세!$C$2:$C$24, MATCH(1, (정량지표상세!$A$2:$A$24=$A17) * (정량지표상세!$B$2:$B$24=H$2), 0))),"")} | I17: {=IFERROR(IF(ISNUMBER(INDEX(정량지표상세!$C$2:$C$24, MATCH(1, (정량지표상세!$A$2:$A$24=$A17) * (정량지표상세!$B$2:$B$24=I$2), 0))), SUMIFS(정량지표상세!$C$2:$C$24, 정량지표상세!$A$2:$A$24, $A17, 정량지표상세!$B$2:$B$24, I$2), INDEX(정량지표상세!$C$2:$C$24, MATCH(1, (정량지표상세!$A$2:$A$24=$A17) * (정량지표상세!$B$2:$B$24=I$2), 0))),"")} | J17: {=IFERROR(IF(ISNUMBER(INDEX(정량지표상세!$C$2:$C$24, MATCH(1, (정량지표상세!$A$2:$A$24=$A17) * (정량지표상세!$B$2:$B$24=J$2), 0))), SUMIFS(정량지표상세!$C$2:$C$24, 정량지표상세!$A$2:$A$24, $A17, 정량지표상세!$B$2:$B$24, J$2), INDEX(정량지표상세!$C$2:$C$24, MATCH(1, (정량지표상세!$A$2:$A$24=$A17) * (정량지표상세!$B$2:$B$24=J$2), 0))),"")}
H18: {=IFERROR(IF(ISNUMBER(INDEX(정량지표상세!$C$2:$C$24, MATCH(1, (정량지표상세!$A$2:$A$24=$A18) * (정량지표상세!$B$2:$B$24=H$2), 0))), SUMIFS(정량지표상세!$C$2:$C$24, 정량지표상세!$A$2:$A$24, $A18, 정량지표상세!$B$2:$B$24, H$2), INDEX(정량지표상세!$C$2:$C$24, MATCH(1, (정량지표상세!$A$2:$A$24=$A18) * (정량지표상세!$B$2:$B$24=H$2), 0))),"")} | I18: {=IFERROR(IF(ISNUMBER(INDEX(정량지표상세!$C$2:$C$24, MATCH(1, (정량지표상세!$A$2:$A$24=$A18) * (정량지표상세!$B$2:$B$24=I$2), 0))), SUMIFS(정량지표상세!$C$2:$C$24, 정량지표상세!$A$2:$A$24, $A18, 정량지표상세!$B$2:$B$24, I$2), INDEX(정량지표상세!$C$2:$C$24, MATCH(1, (정량지표상세!$A$2:$A$24=$A18) * (정량지표상세!$B$2:$B$24=I$2), 0))),"")} | J18: {=IFERROR(IF(ISNUMBER(INDEX(정량지표상세!$C$2:$C$24, MATCH(1, (정량지표상세!$A$2:$A$24=$A18) * (정량지표상세!$B$2:$B$24=J$2), 0))), SUMIFS(정량지표상세!$C$2:$C$24, 정량지표상세!$A$2:$A$24, $A18, 정량지표상세!$B$2:$B$24, J$2), INDEX(정량지표상세!$C$2:$C$24, MATCH(1, (정량지표상세!$A$2:$A$24=$A18) * (정량지표상세!$B$2:$B$24=J$2), 0))),"")}
H19: {=IFERROR(IF(ISNUMBER(INDEX(정량지표상세!$C$2:$C$24, MATCH(1, (정량지표상세!$A$2:$A$24=$A19) * (정량지표상세!$B$2:$B$24=H$2), 0))), SUMIFS(정량지표상세!$C$2:$C$24, 정량지표상세!$A$2:$A$24, $A19, 정량지표상세!$B$2:$B$24, H$2), INDEX(정량지표상세!$C$2:$C$24, MATCH(1, (정량지표상세!$A$2:$A$24=$A19) * (정량지표상세!$B$2:$B$24=H$2), 0))),"")} | I19: {=IFERROR(IF(ISNUMBER(INDEX(정량지표상세!$C$2:$C$24, MATCH(1, (정량지표상세!$A$2:$A$24=$A19) * (정량지표상세!$B$2:$B$24=I$2), 0))), SUMIFS(정량지표상세!$C$2:$C$24, 정량지표상세!$A$2:$A$24, $A19, 정량지표상세!$B$2:$B$24, I$2), INDEX(정량지표상세!$C$2:$C$24, MATCH(1, (정량지표상세!$A$2:$A$24=$A19) * (정량지표상세!$B$2:$B$24=I$2), 0))),"")} | J19: {=IFERROR(IF(ISNUMBER(INDEX(정량지표상세!$C$2:$C$24, MATCH(1, (정량지표상세!$A$2:$A$24=$A19) * (정량지표상세!$B$2:$B$24=J$2), 0))), SUMIFS(정량지표상세!$C$2:$C$24, 정량지표상세!$A$2:$A$24, $A19, 정량지표상세!$B$2:$B$24, J$2), INDEX(정량지표상세!$C$2:$C$24, MATCH(1, (정량지표상세!$A$2:$A$24=$A19) * (정량지표상세!$B$2:$B$24=J$2), 0))),"")}
H20: {=IFERROR(IF(ISNUMBER(INDEX(정량지표상세!$C$2:$C$24, MATCH(1, (정량지표상세!$A$2:$A$24=$A20) * (정량지표상세!$B$2:$B$24=H$2), 0))), SUMIFS(정량지표상세!$C$2:$C$24, 정량지표상세!$A$2:$A$24, $A20, 정량지표상세!$B$2:$B$24, H$2), INDEX(정량지표상세!$C$2:$C$24, MATCH(1, (정량지표상세!$A$2:$A$24=$A20) * (정량지표상세!$B$2:$B$24=H$2), 0))),"")} | I20: {=IFERROR(IF(ISNUMBER(INDEX(정량지표상세!$C$2:$C$24, MATCH(1, (정량지표상세!$A$2:$A$24=$A20) * (정량지표상세!$B$2:$B$24=I$2), 0))), SUMIFS(정량지표상세!$C$2:$C$24, 정량지표상세!$A$2:$A$24, $A20, 정량지표상세!$B$2:$B$24, I$2), INDEX(정량지표상세!$C$2:$C$24, MATCH(1, (정량지표상세!$A$2:$A$24=$A20) * (정량지표상세!$B$2:$B$24=I$2), 0))),"")} | J20: {=IFERROR(IF(ISNUMBER(INDEX(정량지표상세!$C$2:$C$24, MATCH(1, (정량지표상세!$A$2:$A$24=$A20) * (정량지표상세!$B$2:$B$24=J$2), 0))), SUMIFS(정량지표상세!$C$2:$C$24, 정량지표상세!$A$2:$A$24, $A20, 정량지표상세!$B$2:$B$24, J$2), INDEX(정량지표상세!$C$2:$C$24, MATCH(1, (정량지표상세!$A$2:$A$24=$A20) * (정량지표상세!$B$2:$B$24=J$2), 0))),"")}
H21: {=IFERROR(IF(ISNUMBER(INDEX(정량지표상세!$C$2:$C$24, MATCH(1, (정량지표상세!$A$2:$A$24=$A21) * (정량지표상세!$B$2:$B$24=H$2), 0))), SUMIFS(정량지표상세!$C$2:$C$24, 정량지표상세!$A$2:$A$24, $A21, 정량지표상세!$B$2:$B$24, H$2), INDEX(정량지표상세!$C$2:$C$24, MATCH(1, (정량지표상세!$A$2:$A$24=$A21) * (정량지표상세!$B$2:$B$24=H$2), 0))),"")} | I21: {=IFERROR(IF(ISNUMBER(INDEX(정량지표상세!$C$2:$C$24, MATCH(1, (정량지표상세!$A$2:$A$24=$A21) * (정량지표상세!$B$2:$B$24=I$2), 0))), SUMIFS(정량지표상세!$C$2:$C$24, 정량지표상세!$A$2:$A$24, $A21, 정량지표상세!$B$2:$B$24, I$2), INDEX(정량지표상세!$C$2:$C$24, MATCH(1, (정량지표상세!$A$2:$A$24=$A21) * (정량지표상세!$B$2:$B$24=I$2), 0))),"")} | J21: {=IFERROR(IF(ISNUMBER(INDEX(정량지표상세!$C$2:$C$24, MATCH(1, (정량지표상세!$A$2:$A$24=$A21) * (정량지표상세!$B$2:$B$24=J$2), 0))), SUMIFS(정량지표상세!$C$2:$C$24, 정량지표상세!$A$2:$A$24, $A21, 정량지표상세!$B$2:$B$24, J$2), INDEX(정량지표상세!$C$2:$C$24, MATCH(1, (정량지표상세!$A$2:$A$24=$A21) * (정량지표상세!$B$2:$B$24=J$2), 0))),"")} | K21: =IF(E21="","", IF(ISNUMBER(E21), IF(N(H21)/E21>=1,"달성","미달성"), IF(E21=H21,"달성","미달성") ) ) | L21: =IF(F21="","", IF(ISNUMBER(F21), IF(N(I21)/F21>=1,"달성","미달성"), IF(F21=I21,"달성","미달성") ) ) | M21: =IF(G21="","", IF(ISNUMBER(G21), IF(N(J21)/G21>=1,"달성","미달성"), IF(G21=J21,"달성","미달성") ) )
H22: {=IFERROR(IF(ISNUMBER(INDEX(정량지표상세!$C$2:$C$24, MATCH(1, (정량지표상세!$A$2:$A$24=$A22) * (정량지표상세!$B$2:$B$24=H$2), 0))), SUMIFS(정량지표상세!$C$2:$C$24, 정량지표상세!$A$2:$A$24, $A22, 정량지표상세!$B$2:$B$24, H$2), INDEX(정량지표상세!$C$2:$C$24, MATCH(1, (정량지표상세!$A$2:$A$24=$A22) * (정량지표상세!$B$2:$B$24=H$2), 0))),"")} | I22: {=IFERROR(IF(ISNUMBER(INDEX(정량지표상세!$C$2:$C$24, MATCH(1, (정량지표상세!$A$2:$A$24=$A22) * (정량지표상세!$B$2:$B$24=I$2), 0))), SUMIFS(정량지표상세!$C$2:$C$24, 정량지표상세!$A$2:$A$24, $A22, 정량지표상세!$B$2:$B$24, I$2), INDEX(정량지표상세!$C$2:$C$24, MATCH(1, (정량지표상세!$A$2:$A$24=$A22) * (정량지표상세!$B$2:$B$24=I$2), 0))),"")} | J22: {=IFERROR(IF(ISNUMBER(INDEX(정량지표상세!$C$2:$C$24, MATCH(1, (정량지표상세!$A$2:$A$24=$A22) * (정량지표상세!$B$2:$B$24=J$2), 0))), SUMIFS(정량지표상세!$C$2:$C$24, 정량지표상세!$A$2:$A$24, $A22, 정량지표상세!$B$2:$B$24, J$2), INDEX(정량지표상세!$C$2:$C$24, MATCH(1, (정량지표상세!$A$2:$A$24=$A22) * (정량지표상세!$B$2:$B$24=J$2), 0))),"")} | K22: =IF(E22="","", IF(ISNUMBER(E22), IF(N(H22)/E22>=1,"달성","미달성"), IF(E22=H22,"달성","미달성") ) ) | L22: =IF(F22="","", IF(ISNUMBER(F22), IF(N(I22)/F22>=1,"달성","미달성"), IF(F22=I22,"달성","미달성") ) ) | M22: =IF(G22="","", IF(ISNUMBER(G22), IF(N(J22)/G22>=1,"달성","미달성"), IF(G22=J22,"달성","미달성") ) )
H23: {=IFERROR(IF(ISNUMBER(INDEX(정량지표상세!$C$2:$C$24, MATCH(1, (정량지표상세!$A$2:$A$24=$A23) * (정량지표상세!$B$2:$B$24=H$2), 0))), SUMIFS(정량지표상세!$C$2:$C$24, 정량지표상세!$A$2:$A$24, $A23, 정량지표상세!$B$2:$B$24, H$2), INDEX(정량지표상세!$C$2:$C$24, MATCH(1, (정량지표상세!$A$2:$A$24=$A23) * (정량지표상세!$B$2:$B$24=H$2), 0))),"")} | I23: {=IFERROR(IF(ISNUMBER(INDEX(정량지표상세!$C$2:$C$24, MATCH(1, (정량지표상세!$A$2:$A$24=$A23) * (정량지표상세!$B$2:$B$24=I$2), 0))), SUMIFS(정량지표상세!$C$2:$C$24, 정량지표상세!$A$2:$A$24, $A23, 정량지표상세!$B$2:$B$24, I$2), INDEX(정량지표상세!$C$2:$C$24, MATCH(1, (정량지표상세!$A$2:$A$24=$A23) * (정량지표상세!$B$2:$B$24=I$2), 0))),"")} | J23: {=IFERROR(IF(ISNUMBER(INDEX(정량지표상세!$C$2:$C$24, MATCH(1, (정량지표상세!$A$2:$A$24=$A23) * (정량지표상세!$B$2:$B$24=J$2), 0))), SUMIFS(정량지표상세!$C$2:$C$24, 정량지표상세!$A$2:$A$24, $A23, 정량지표상세!$B$2:$B$24, J$2), INDEX(정량지표상세!$C$2:$C$24, MATCH(1, (정량지표상세!$A$2:$A$24=$A23) * (정량지표상세!$B$2:$B$24=J$2), 0))),"")}
H24: {=IFERROR(IF(ISNUMBER(INDEX(정량지표상세!$C$2:$C$24, MATCH(1, (정량지표상세!$A$2:$A$24=$A24) * (정량지표상세!$B$2:$B$24=H$2), 0))), SUMIFS(정량지표상세!$C$2:$C$24, 정량지표상세!$A$2:$A$24, $A24, 정량지표상세!$B$2:$B$24, H$2), INDEX(정량지표상세!$C$2:$C$24, MATCH(1, (정량지표상세!$A$2:$A$24=$A24) * (정량지표상세!$B$2:$B$24=H$2), 0))),"")} | I24: {=IFERROR(IF(ISNUMBER(INDEX(정량지표상세!$C$2:$C$24, MATCH(1, (정량지표상세!$A$2:$A$24=$A24) * (정량지표상세!$B$2:$B$24=I$2), 0))), SUMIFS(정량지표상세!$C$2:$C$24, 정량지표상세!$A$2:$A$24, $A24, 정량지표상세!$B$2:$B$24, I$2), INDEX(정량지표상세!$C$2:$C$24, MATCH(1, (정량지표상세!$A$2:$A$24=$A24) * (정량지표상세!$B$2:$B$24=I$2), 0))),"")} | J24: {=IFERROR(IF(ISNUMBER(INDEX(정량지표상세!$C$2:$C$24, MATCH(1, (정량지표상세!$A$2:$A$24=$A24) * (정량지표상세!$B$2:$B$24=J$2), 0))), SUMIFS(정량지표상세!$C$2:$C$24, 정량지표상세!$A$2:$A$24, $A24, 정량지표상세!$B$2:$B$24, J$2), INDEX(정량지표상세!$C$2:$C$24, MATCH(1, (정량지표상세!$A$2:$A$24=$A24) * (정량지표상세!$B$2:$B$24=J$2), 0))),"")}
H25: {=IFERROR(IF(ISNUMBER(INDEX(정량지표상세!$C$2:$C$24, MATCH(1, (정량지표상세!$A$2:$A$24=$A25) * (정량지표상세!$B$2:$B$24=H$2), 0))), SUMIFS(정량지표상세!$C$2:$C$24, 정량지표상세!$A$2:$A$24, $A25, 정량지표상세!$B$2:$B$24, H$2), INDEX(정량지표상세!$C$2:$C$24, MATCH(1, (정량지표상세!$A$2:$A$24=$A25) * (정량지표상세!$B$2:$B$24=H$2), 0))),"")} | I25: {=IFERROR(IF(ISNUMBER(INDEX(정량지표상세!$C$2:$C$24, MATCH(1, (정량지표상세!$A$2:$A$24=$A25) * (정량지표상세!$B$2:$B$24=I$2), 0))), SUMIFS(정량지표상세!$C$2:$C$24, 정량지표상세!$A$2:$A$24, $A25, 정량지표상세!$B$2:$B$24, I$2), INDEX(정량지표상세!$C$2:$C$24, MATCH(1, (정량지표상세!$A$2:$A$24=$A25) * (정량지표상세!$B$2:$B$24=I$2), 0))),"")} | J25: {=IFERROR(IF(ISNUMBER(INDEX(정량지표상세!$C$2:$C$24, MATCH(1, (정량지표상세!$A$2:$A$24=$A25) * (정량지표상세!$B$2:$B$24=J$2), 0))), SUMIFS(정량지표상세!$C$2:$C$24, 정량지표상세!$A$2:$A$24, $A25, 정량지표상세!$B$2:$B$24, J$2), INDEX(정량지표상세!$C$2:$C$24, MATCH(1, (정량지표상세!$A$2:$A$24=$A25) * (정량지표상세!$B$2:$B$24=J$2), 0))),"")}
H26: {=IFERROR(IF(ISNUMBER(INDEX(정량지표상세!$C$2:$C$24, MATCH(1, (정량지표상세!$A$2:$A$24=$A26) * (정량지표상세!$B$2:$B$24=H$2), 0))), SUMIFS(정량지표상세!$C$2:$C$24, 정량지표상세!$A$2:$A$24, $A26, 정량지표상세!$B$2:$B$24, H$2), INDEX(정량지표상세!$C$2:$C$24, MATCH(1, (정량지표상세!$A$2:$A$24=$A26) * (정량지표상세!$B$2:$B$24=H$2), 0))),"")} | I26: {=IFERROR(IF(ISNUMBER(INDEX(정량지표상세!$C$2:$C$24, MATCH(1, (정량지표상세!$A$2:$A$24=$A26) * (정량지표상세!$B$2:$B$24=I$2), 0))), SUMIFS(정량지표상세!$C$2:$C$24, 정량지표상세!$A$2:$A$24, $A26, 정량지표상세!$B$2:$B$24, I$2), INDEX(정량지표상세!$C$2:$C$24, MATCH(1, (정량지표상세!$A$2:$A$24=$A26) * (정량지표상세!$B$2:$B$24=I$2), 0))),"")} | J26: {=IFERROR(IF(ISNUMBER(INDEX(정량지표상세!$C$2:$C$24, MATCH(1, (정량지표상세!$A$2:$A$24=$A26) * (정량지표상세!$B$2:$B$24=J$2), 0))), SUMIFS(정량지표상세!$C$2:$C$24, 정량지표상세!$A$2:$A$24, $A26, 정량지표상세!$B$2:$B$24, J$2), INDEX(정량지표상세!$C$2:$C$24, MATCH(1, (정량지표상세!$A$2:$A$24=$A26) * (정량지표상세!$B$2:$B$24=J$2), 0))),"")}
H27: {=IFERROR(IF(ISNUMBER(INDEX(정량지표상세!$C$2:$C$24, MATCH(1, (정량지표상세!$A$2:$A$24=$A27) * (정량지표상세!$B$2:$B$24=H$2), 0))), SUMIFS(정량지표상세!$C$2:$C$24, 정량지표상세!$A$2:$A$24, $A27, 정량지표상세!$B$2:$B$24, H$2), INDEX(정량지표상세!$C$2:$C$24, MATCH(1, (정량지표상세!$A$2:$A$24=$A27) * (정량지표상세!$B$2:$B$24=H$2), 0))),"")} | I27: {=IFERROR(IF(ISNUMBER(INDEX(정량지표상세!$C$2:$C$24, MATCH(1, (정량지표상세!$A$2:$A$24=$A27) * (정량지표상세!$B$2:$B$24=I$2), 0))), SUMIFS(정량지표상세!$C$2:$C$24, 정량지표상세!$A$2:$A$24, $A27, 정량지표상세!$B$2:$B$24, I$2), INDEX(정량지표상세!$C$2:$C$24, MATCH(1, (정량지표상세!$A$2:$A$24=$A27) * (정량지표상세!$B$2:$B$24=I$2), 0))),"")} | J27: {=IFERROR(IF(ISNUMBER(INDEX(정량지표상세!$C$2:$C$24, MATCH(1, (정량지표상세!$A$2:$A$24=$A27) * (정량지표상세!$B$2:$B$24=J$2), 0))), SUMIFS(정량지표상세!$C$2:$C$24, 정량지표상세!$A$2:$A$24, $A27, 정량지표상세!$B$2:$B$24, J$2), INDEX(정량지표상세!$C$2:$C$24, MATCH(1, (정량지표상세!$A$2:$A$24=$A27) * (정량지표상세!$B$2:$B$24=J$2), 0))),"")} | K27: =IF(E27="","", IF(ISNUMBER(E27), IF(N(H27)/E27>=1,"달성","미달성"), IF(E27=H27,"달성","미달성") ) ) | L27: =IF(F27="","", IF(ISNUMBER(F27), IF(N(I27)/F27>=1,"달성","미달성"), IF(F27=I27,"달성","미달성") ) ) | M27: =IF(G27="","", IF(ISNUMBER(G27), IF(N(J27)/G27>=1,"달성","미달성"), IF(G27=J27,"달성","미달성") ) )
H28: {=IFERROR(IF(ISNUMBER(INDEX(정량지표상세!$C$2:$C$24, MATCH(1, (정량지표상세!$A$2:$A$24=$A28) * (정량지표상세!$B$2:$B$24=H$2), 0))), SUMIFS(정량지표상세!$C$2:$C$24, 정량지표상세!$A$2:$A$24, $A28, 정량지표상세!$B$2:$B$24, H$2), INDEX(정량지표상세!$C$2:$C$24, MATCH(1, (정량지표상세!$A$2:$A$24=$A28) * (정량지표상세!$B$2:$B$24=H$2), 0))),"")} | I28: {=IFERROR(IF(ISNUMBER(INDEX(정량지표상세!$C$2:$C$24, MATCH(1, (정량지표상세!$A$2:$A$24=$A28) * (정량지표상세!$B$2:$B$24=I$2), 0))), SUMIFS(정량지표상세!$C$2:$C$24, 정량지표상세!$A$2:$A$24, $A28, 정량지표상세!$B$2:$B$24, I$2), INDEX(정량지표상세!$C$2:$C$24, MATCH(1, (정량지표상세!$A$2:$A$24=$A28) * (정량지표상세!$B$2:$B$24=I$2), 0))),"")} | J28: {=IFERROR(IF(ISNUMBER(INDEX(정량지표상세!$C$2:$C$24, MATCH(1, (정량지표상세!$A$2:$A$24=$A28) * (정량지표상세!$B$2:$B$24=J$2), 0))), SUMIFS(정량지표상세!$C$2:$C$24, 정량지표상세!$A$2:$A$24, $A28, 정량지표상세!$B$2:$B$24, J$2), INDEX(정량지표상세!$C$2:$C$24, MATCH(1, (정량지표상세!$A$2:$A$24=$A28) * (정량지표상세!$B$2:$B$24=J$2), 0))),"")} | K28: =IF(E28="","", IF(ISNUMBER(E28), IF(N(H28)/E28>=1,"달성","미달성"), IF(E28=H28,"달성","미달성") ) ) | L28: =IF(F28="","", IF(ISNUMBER(F28), IF(N(I28)/F28>=1,"달성","미달성"), IF(F28=I28,"달성","미달성") ) ) | M28: =IF(G28="","", IF(ISNUMBER(G28), IF(N(J28)/G28>=1,"달성","미달성"), IF(G28=J28,"달성","미달성") ) )
H29: {=IFERROR(IF(ISNUMBER(INDEX(정량지표상세!$C$2:$C$24, MATCH(1, (정량지표상세!$A$2:$A$24=$A29) * (정량지표상세!$B$2:$B$24=H$2), 0))), SUMIFS(정량지표상세!$C$2:$C$24, 정량지표상세!$A$2:$A$24, $A29, 정량지표상세!$B$2:$B$24, H$2), INDEX(정량지표상세!$C$2:$C$24, MATCH(1, (정량지표상세!$A$2:$A$24=$A29) * (정량지표상세!$B$2:$B$24=H$2), 0))),"")} | I29: {=IFERROR(IF(ISNUMBER(INDEX(정량지표상세!$C$2:$C$24, MATCH(1, (정량지표상세!$A$2:$A$24=$A29) * (정량지표상세!$B$2:$B$24=I$2), 0))), SUMIFS(정량지표상세!$C$2:$C$24, 정량지표상세!$A$2:$A$24, $A29, 정량지표상세!$B$2:$B$24, I$2), INDEX(정량지표상세!$C$2:$C$24, MATCH(1, (정량지표상세!$A$2:$A$24=$A29) * (정량지표상세!$B$2:$B$24=I$2), 0))),"")} | J29: {=IFERROR(IF(ISNUMBER(INDEX(정량지표상세!$C$2:$C$24, MATCH(1, (정량지표상세!$A$2:$A$24=$A29) * (정량지표상세!$B$2:$B$24=J$2), 0))), SUMIFS(정량지표상세!$C$2:$C$24, 정량지표상세!$A$2:$A$24, $A29, 정량지표상세!$B$2:$B$24, J$2), INDEX(정량지표상세!$C$2:$C$24, MATCH(1, (정량지표상세!$A$2:$A$24=$A29) * (정량지표상세!$B$2:$B$24=J$2), 0))),"")} | K29: =IF(E29="","", IF(ISNUMBER(E29), IF(N(H29)/E29>=1,"달성","미달성"), IF(E29=H29,"달성","미달성") ) ) | L29: =IF(F29="","", IF(ISNUMBER(F29), IF(N(I29)/F29>=1,"달성","미달성"), IF(F29=I29,"달성","미달성") ) ) | M29: =IF(G29="","", IF(ISNUMBER(G29), IF(N(J29)/G29>=1,"달성","미달성"), IF(G29=J29,"달성","미달성") ) )
H30: {=IFERROR(IF(ISNUMBER(INDEX(정량지표상세!$C$2:$C$24, MATCH(1, (정량지표상세!$A$2:$A$24=$A30) * (정량지표상세!$B$2:$B$24=H$2), 0))), SUMIFS(정량지표상세!$C$2:$C$24, 정량지표상세!$A$2:$A$24, $A30, 정량지표상세!$B$2:$B$24, H$2), INDEX(정량지표상세!$C$2:$C$24, MATCH(1, (정량지표상세!$A$2:$A$24=$A30) * (정량지표상세!$B$2:$B$24=H$2), 0))),"")} | I30: {=IFERROR(IF(ISNUMBER(INDEX(정량지표상세!$C$2:$C$24, MATCH(1, (정량지표상세!$A$2:$A$24=$A30) * (정량지표상세!$B$2:$B$24=I$2), 0))), SUMIFS(정량지표상세!$C$2:$C$24, 정량지표상세!$A$2:$A$24, $A30, 정량지표상세!$B$2:$B$24, I$2), INDEX(정량지표상세!$C$2:$C$24, MATCH(1, (정량지표상세!$A$2:$A$24=$A30) * (정량지표상세!$B$2:$B$24=I$2), 0))),"")} | J30: {=IFERROR(IF(ISNUMBER(INDEX(정량지표상세!$C$2:$C$24, MATCH(1, (정량지표상세!$A$2:$A$24=$A30) * (정량지표상세!$B$2:$B$24=J$2), 0))), SUMIFS(정량지표상세!$C$2:$C$24, 정량지표상세!$A$2:$A$24, $A30, 정량지표상세!$B$2:$B$24, J$2), INDEX(정량지표상세!$C$2:$C$24, MATCH(1, (정량지표상세!$A$2:$A$24=$A30) * (정량지표상세!$B$2:$B$24=J$2), 0))),"")} | K30: =IF(E30="","", IF(ISNUMBER(E30), IF(N(H30)/E30>=1,"달성","미달성"), IF(E30=H30,"달성","미달성") ) ) | L30: =IF(F30="","", IF(ISNUMBER(F30), IF(N(I30)/F30>=1,"달성","미달성"), IF(F30=I30,"달성","미달성") ) ) | M30: =IF(G30="","", IF(ISNUMBER(G30), IF(N(J30)/G30>=1,"달성","미달성"), IF(G30=J30,"달성","미달성") ) )
A31: 합계 | D31: =SUM(D3:D30) -> 0 | H31: {=IFERROR(IF(ISNUMBER(INDEX([1]정량지표상세!$C$2:$C$24, MATCH(1, ([1]정량지표상세!$A$2:$A$24=$A31) * ([1]정량지표상세!$B$2:$B$24=H$2), 0))), SUMIFS([1]정량지표상세!$C$2:$C$24, [1]정량지표상세!$A$2:$A$24, $A31, [1]정량지표상세!$B$2:$B$24, H$2), INDEX([1]정량지표상세!$C$2:$C$24, MATCH(1, ([1]정량지표상세!$A$2:$A$24=$A31) * ([1]정량지표상세!$B$2:$B$24=H$2), 0))),"")} | I31: {=IFERROR(IF(ISNUMBER(INDEX([1]정량지표상세!$C$2:$C$24, MATCH(1, ([1]정량지표상세!$A$2:$A$24=$A31) * ([1]정량지표상세!$B$2:$B$24=I$2), 0))), SUMIFS([1]정량지표상세!$C$2:$C$24, [1]정량지표상세!$A$2:$A$24, $A31, [1]정량지표상세!$B$2:$B$24, I$2), INDEX([1]정량지표상세!$C$2:$C$24, MATCH(1, ([1]정량지표상세!$A$2:$A$24=$A31) * ([1]정량지표상세!$B$2:$B$24=I$2), 0))),"")} | J31: {=IFERROR(IF(ISNUMBER(INDEX([1]정량지표상세!$C$2:$C$24, MATCH(1, ([1]정량지표상세!$A$2:$A$24=$A31) * ([1]정량지표상세!$B$2:$B$24=J$2), 0))), SUMIFS([1]정량지표상세!$C$2:$C$24, [1]정량지표상세!$A$2:$A$24, $A31, [1]정량지표상세!$B$2:$B$24, J$2), INDEX([1]정량지표상세!$C$2:$C$24, MATCH(1, ([1]정량지표상세!$A$2:$A$24=$A31) * ([1]정량지표상세!$B$2:$B$24=J$2), 0))),"")} | K31: =IF(E31="","", IF(ISNUMBER(E31), IF(N(H31)/E31>=1,"달성","미달성"), IF(E31=H31,"달성","미달성") ) ) | L31: =IF(F31="","", IF(ISNUMBER(F31), IF(N(I31)/F31>=1,"달성","미달성"), IF(F31=I31,"달성","미달성") ) ) | M31: =IF(G31="","", IF(ISNUMBER(G31), IF(N(J31)/G31>=1,"달성","미달성"), IF(G31=J31,"달성","미달성") ) )

Sheet 정량지표상세
A1: 정량지표 명 | B1: 단계-연차 | C1: 달성 | D1: 기관명
